---
title: MySQL
tags: 
  - MySQL
index_img: /img/article/mysql.png
date: 2022-07-15 20:51:00
categories: 
  - 数据库
permalink: /pages/f36d2c/
author: 
  name: 爱写bug的小邓程序员
  link: https://github.com/dengerpu
---

## 第1章_MySQL环境搭建

### 1. MySQL的卸载

#### 步骤1：停止MySQL服务

在卸载之前，先停止MySQL的服务。按键盘上的“Ctrl + Alt + Delete”组合键，打开“任务管理器”对话框，可以在“服务”列表找到“MySQL”的服务，如果现在“正在运行”状态，可以右键单击服务，选择“停 止”选项停止MySQL的服务，如图所示。

![image-20220712140522300](https://trpora-1300527744.cos.ap-chongqing.myqcloud.com/img/image-20220712140522300.png)

#### 步骤2：软件的卸载

##### 方式1：通过控制面板方式

卸载MySQL的程序可以和其他桌面应用程序一样直接在“控制面板”选择“卸载程序”，并在程序列表中找到MySQL服务器程序，直接双击卸载即可，如图所示。这种方式删除，数据目录下的数据不会跟着删除。

![image-20220712140808778](https://trpora-1300527744.cos.ap-chongqing.myqcloud.com/img/image-20220712140808778.png)

##### 方式2：通过360或电脑管家等软件卸载

略

##### 方式3：通过安装包提供的卸载功能卸载

你也可以通过安装向导程序进行MySQL服务器程序的卸载。

① 再次双击下载的mysql-installer-community-8.0.26.0.msi文件，打开安装向导。安装向导会自动检测已

安装的MySQL服务器程序。

② 选择要卸载的MySQL服务器程序，单击“Remove”（移除），即可进行卸载。

![image-20220712140940490](https://trpora-1300527744.cos.ap-chongqing.myqcloud.com/img/image-20220712140940490.png)

③ 单击“Next”（下一步）按钮，确认卸载。

![image-20220712141008332](https://trpora-1300527744.cos.ap-chongqing.myqcloud.com/img/image-20220712141008332.png)

④ 弹出是否同时移除数据目录选择窗口。如果想要同时删除MySQL服务器中的数据，则勾选“Remove the data directory”，如图所示。

![image-20220712141125222](https://trpora-1300527744.cos.ap-chongqing.myqcloud.com/img/image-20220712141125222.png)

⑤ 执行卸载。单击“Execute”（执行）按钮进行卸载。

![image-20220712141158850](https://trpora-1300527744.cos.ap-chongqing.myqcloud.com/img/image-20220712141158850.png)

⑥ 完成卸载。单击“Finish”（完成）按钮即可。如果想要同时卸载MySQL8.0的安装向导程序，勾选“Yes， Uninstall MySQL Installer”即可，如图所示。

![image-20220712141229000](https://trpora-1300527744.cos.ap-chongqing.myqcloud.com/img/image-20220712141229000.png)

#### 步骤3：残余文件的清理

如果再次安装不成功，可以卸载后对残余文件进行清理后再安装。

（1）服务目录：mysql服务的安装目录

（2）数据目录：默认在C:\ProgramData\MySQL

如果自己单独指定过数据目录，就找到自己的数据目录进行删除即可。

> 注意：请在卸载前做好数据备份
>
> 在操作完以后，需要重启计算机，然后进行安装即可。如果仍然安装失败，需要继续操作如下步骤4。 

#### 步骤4：清理注册表（选做）

如果前几步做了，再次安装还是失败，那么可以清理注册表。

如何打开注册表编辑器：在系统的搜索框中输入 regedit

```shell
HKEY_LOCAL_MACHINE\SYSTEM\ControlSet001\Services\MySQL服务 目录删除 

HKEY_LOCAL_MACHINE\SYSTEM\ControlSet002\Services\Eventlog\Application\MySQL服务 目录删除 

HKEY_LOCAL_MACHINE\SYSTEM\ControlSet002\Services\MySQL服务 目录删除 

HKEY_LOCAL_MACHINE\SYSTEM\CurrentControlSet\Services\Eventlog\Application\MySQL服务目录 

删除

HKEY_LOCAL_MACHINE\SYSTEM\CurrentControlSet\Services\MySQL服务删除
```

>注册表中的ControlSet001,ControlSet002,不一定是001和002,可能是ControlSet005、006之类

步骤5：删除环境变量配置

找到path环境变量，将其中关于mysql的环境变量删除，切记不要全部删除。

例如：删除 D:\Program Files\MySQL\MySQL Server 5.5\bin; 这个部分

![image-20220712142051849](https://trpora-1300527744.cos.ap-chongqing.myqcloud.com/img/image-20220712142051849.png)

### 2. MySQL8.0的下载、安装、配置

> MySQL Community Server 社区版本，开源免费，自由下载，但不提供官方技术支持，适用于大多数普通用户。
>
> MySQL Enterprise Edition 企业版本，需付费，不能在线下载，可以试用30天。提供了更多的功能和更完备的技术支持，更适合于对数据库的功能和可靠性要求较高的企业客户。
>
> MySQL Cluster 集群版，开源免费。用于架设集群服务器，可将几个MySQL Server封装成一个Server。需要在社区版或企业版的基础上使用。
>
> MySQL Cluster CGE 高级集群版，需付费。

此外，官方还提供了 MySQL Workbench （GUITOOL）一款专为MySQL设计的 图形界面管理工具 。 

MySQLWorkbench又分为两个版本，分别是 社区版 （MySQL Workbench OSS）、 商用版 （MySQL WorkbenchSE）。

#### 2.1 软件的下载 

1.下载地址

官网：https://www.mysql.com 

2. 打开官网，点击DOWNLOADS

然后，点击 MySQL Community(GPL) Downloads 

![image-20220712142350312](https://trpora-1300527744.cos.ap-chongqing.myqcloud.com/img/image-20220712142350312.png)

3. 点击 MySQL Community Server

![image-20220712142457712](https://trpora-1300527744.cos.ap-chongqing.myqcloud.com/img/image-20220712142457712.png)

4. 在General Availability(GA) Releases中选择适合的版本

Windows平台下提供两种安装文件：MySQL二进制分发版（.msi安装文件）和免安装版（.zip压缩文件）。一般来讲，应当使用二进制分发版，因为该版本提供了图形化的安装向导过程，比其他的分发版使用起来要简单，不再需要其他工具启动就可以运行MySQL。

这里在Windows 系统下推荐下载 MSI安装程序 ；点击 Go to Download Page 进行下载即可

![image-20220712142703177](https://trpora-1300527744.cos.ap-chongqing.myqcloud.com/img/image-20220712142703177.png)



![image-20220712142752665](https://trpora-1300527744.cos.ap-chongqing.myqcloud.com/img/image-20220712142752665.png)

Windows下的MySQL8.0安装有两种安装程序

mysql-installer-web-community-8.0.29.0.msi 下载程序大小：2.4M；安装时需要联网安装组件。

mysql-installer-community-8.0.29.0.msi 下载程序大小：450.7M；安装时离线安装即可。推荐。

如果安装MySQL5.7版本的话，选择 Archives ，接着选择MySQL5.7的相应版本即可。这里下载最近期的MySQL5.7.37版本。

![image-20220712142927701](https://trpora-1300527744.cos.ap-chongqing.myqcloud.com/img/image-20220712142927701.png)

![image-20220712143027324](https://trpora-1300527744.cos.ap-chongqing.myqcloud.com/img/image-20220712143027324.png)

#### 2.2 MySQL8.0 版本的安装 

如果安装提示是升级mysql5.7版本的，点击取消，然后选择8版本的

![image-20220926221353712](https://trpora-1300527744.cos.ap-chongqing.myqcloud.com/img/image-20220926221353712.png)

![image-20220926221302404](https://trpora-1300527744.cos.ap-chongqing.myqcloud.com/img/image-20220926221302404.png)

MySQL下载完成后，找到下载文件，双击进行安装，具体操作步骤如下。

步骤1：双击下载的mysql-installer-community-8.0.26.0.msi文件，打开安装向导。

步骤2：打开“Choosing a Setup Type”（选择安装类型）窗口，在其中列出了5种安装类型，分别是Developer Default（默认安装类型）、Server only（仅作为服务器）、Client only（仅作为客户端）、Full（完全安装）、Custom（自定义安装）。这里选择“Custom（自定义安装）”类型按钮，单击“Next(下一步)”按钮。

![image-20220712143134006](https://trpora-1300527744.cos.ap-chongqing.myqcloud.com/img/image-20220712143134006.png)

步骤3：打开“Select Products” （选择产品）窗口，可以定制需要安装的产品清单。例如，选择“MySQL Server 8.0.26-X64”后，单击“→”添加按钮，即可选择安装MySQL服务器，如图所示。采用通用的方法，可以添加其他你需要安装的产品。

![image-20220712143259759](https://trpora-1300527744.cos.ap-chongqing.myqcloud.com/img/image-20220712143259759.png)

此时如果直接“Next”（下一步），则产品的安装路径是默认的。如果想要自定义安装目录，则可以选中对应的产品，然后在下面会出现“Advanced Options”（高级选项）的超链接。

![image-20220712143350335](https://trpora-1300527744.cos.ap-chongqing.myqcloud.com/img/image-20220712143350335.png)

ProgramData目录（这是一个隐藏目录）。如果自定义安装目录，请避免“中文”目录。另外，建议服务目录和数据目录分开存放。

![image-20220712143846791](https://trpora-1300527744.cos.ap-chongqing.myqcloud.com/img/image-20220712143846791.png)

步骤4：在上一步选择好要安装的产品之后，单击“Next”（下一步）进入确认窗口，如图所示。单击“Execute”（执行）按钮开始安装。

![image-20220712144015735](https://trpora-1300527744.cos.ap-chongqing.myqcloud.com/img/image-20220712144015735.png)

步骤5：安装完成后在“Status”（状态）列表下将显示“Complete”（安装完成），如图所示。

![image-20220712144043236](https://trpora-1300527744.cos.ap-chongqing.myqcloud.com/img/image-20220712144043236.png)

#### 2.3 配置MySQL8.0 

MySQL安装之后，需要对服务器进行配置。具体的配置步骤如下。

步骤1：在上一个小节的最后一步，单击“Next”（下一步）按钮，就可以进入产品配置窗口。

![image-20220712144122924](https://trpora-1300527744.cos.ap-chongqing.myqcloud.com/img/image-20220712144122924.png)

![image-20220712144145607](https://trpora-1300527744.cos.ap-chongqing.myqcloud.com/img/image-20220712144145607.png)

其中，“Config Type”选项用于设置服务器的类型。单击该选项右侧的下三角按钮，即可查看3个选项，如图所示。

![image-20220712144226292](https://trpora-1300527744.cos.ap-chongqing.myqcloud.com/img/image-20220712144226292.png)

Server Machine（服务器） ：该选项代表服务器，MySQL服务器可以同其他服务器应用程序一起运行，例如Web服务器等。MySQL服务器配置成适当比例的系统资源。

Dedicated Machine（专用服务器） ：该选项代表只运行MySQL服务的服务器。MySQL服务器配置成使用所有可用系统资源。

步骤3：单击“Next”（下一步）按钮，打开设置授权方式窗口。其中，上面的选项是MySQL8.0提供的新的授权方式，采用SHA256基础的密码加密方法；下面的选项是传统授权方法（保留5.x版本兼容性）。

![image-20220712144422758](https://trpora-1300527744.cos.ap-chongqing.myqcloud.com/img/image-20220712144422758.png)

步骤4：单击“Next”（下一步）按钮，打开设置服务器root超级管理员的密码窗口，如图所示，需要输入两次同样的登录密码。也可以通过“Add User”添加其他用户，添加其他用户时，需要指定用户名、允许该用户名在哪台/哪些主机上登录，还可以指定用户角色等。

![image-20220712144515812](https://trpora-1300527744.cos.ap-chongqing.myqcloud.com/img/image-20220712144515812.png)

步骤5：单击“Next”（下一步）按钮，打开设置服务器名称窗口，如图所示。该服务名会出现在Windows服务列表中，也可以在命令行窗口中使用该服务名进行启动和停止服务。本书将服务名设置为“MySQL80”。如果希望开机自启动服务，也可以勾选“Start the MySQL Server at System Startup”选项（推荐）。

下面是选择以什么方式运行服务？可以选择“Standard System Account”(标准系统用户)或者“Custom User” (自定义用户)中的一个。这里推荐前者。

![image-20220712144620545](https://trpora-1300527744.cos.ap-chongqing.myqcloud.com/img/image-20220712144620545.png)

![image-20220712144641733](https://trpora-1300527744.cos.ap-chongqing.myqcloud.com/img/image-20220712144641733.png)

步骤7：完成配置，如图所示。单击“Finish”（完成）按钮，即可完成服务器的配置。

![image-20220712144705302](https://trpora-1300527744.cos.ap-chongqing.myqcloud.com/img/image-20220712144705302.png)

步骤8：如果还有其他产品需要配置，可以选择其他产品，然后继续配置。如果没有，直接选择“Next”（下一步），直接完成整个安装和配置过程

![image-20220712144732113](https://trpora-1300527744.cos.ap-chongqing.myqcloud.com/img/image-20220712144732113.png)

步骤9：结束安装和配置。

![image-20220712144754654](https://trpora-1300527744.cos.ap-chongqing.myqcloud.com/img/image-20220712144754654.png)

#### 2.4环境变量配置

如果不配置MySQL环境变量，就不能在命令行直接输入MySQL登录命令。下面说如何配置MySQL的环境变量：

步骤1：在桌面上右击【此电脑】图标，在弹出的快捷菜单中选择【属性】菜单命令。 

步骤2：打开【系统】窗口，单击【高级系统设置】链接。 

步骤3：打开【系统属性】对话框，选择【高级】选项卡，然后单击【环境变量】按钮。

 步骤4：打开【环境变量】对话框，在系统变量列表中选择path变量。 

步骤5：单击【编辑】按钮，在【编辑环境变量】对话框中，将MySQL应用程序的bin目录（

C:\Program Files\MySQL\MySQL Server 8.0\bin）添加到变量值中，用分号将其与其他路径分隔开。 

步骤6：添加完成

之后，单击【确定】按钮，这样就完成了配置path变量的操作，然后就可以直接输入MySQL命令来登录数据库了。

#### 2.5MySQL5.7 版本的安装、配置

安装

此版本的安装过程与上述过程除了版本号不同之外，其它环节都是相同的。所以这里省略了MySQL5.7.34版本的安装截图。

配置

配置环节与MySQL8.0版本确有细微不同。大部分情况下直接选择“Next”即可，不影响整理使用。

这里配置MySQL5.7时，重点强调：与前面安装好的MySQL8.0不能使用相同的端口号。

#### 2.6安装失败问题 

MySQL的安装和配置是一件非常简单的事，但是在操作过程中也可能出现问题，特别是初学者。

问题1：无法打开MySQL8.0软件安装包或者安装过程中失败，如何解决？

在运行MySQL8.0软件安装包之前，用户需要确保系统中已经安装了.Net Framework相关软件，如果缺少此软件，将不能正常地安装MySQL8.0软件。

![image-20220712145123062](https://trpora-1300527744.cos.ap-chongqing.myqcloud.com/img/image-20220712145123062.png)

另外，还要确保Windows Installer正常安装。windows上安装mysql8.0需要操作系统提前已安装好Microsoft Visual C++ 2015-2019。

![image-20220712145204984](https://trpora-1300527744.cos.ap-chongqing.myqcloud.com/img/image-20220712145204984.png)

![image-20220712145215927](https://trpora-1300527744.cos.ap-chongqing.myqcloud.com/img/image-20220712145215927.png)

问题2：卸载重装MySQL失败？

该问题通常是因为MySQL卸载时，没有完全清除相关信息导致的。

解决办法是，把以前的安装目录删除。如果之前安装并未单独指定过服务安装目录，则默认安装目录是“C:\Program Files\MySQL”，彻底删除该目录。同时删除MySQL的Data目录，如果之前安装并未单独指定过数据目录，则默认安装目录是“C:\ProgramData\MySQL”，该目录一般为隐藏目录。删除后，重新安装即可。

问题3：如何在Windows系统删除之前的未卸载干净的MySQL服务列表？

操作方法如下，在系统“搜索框”中输入“cmd”，按“Enter”（回车）键确认，弹出命令提示符界面。然后输入“sc delete MySQL服务名”,按“Enter”（回车）键，就能彻底删除残余的MySQL服务了。

### 3. MySQL的登录

#### 3.1 服务的启动与停止 

MySQL安装完毕之后，需要启动服务器进程，不然客户端无法连接数据库。

在前面的配置过程中，已经将MySQL安装为Windows服务，并且勾选当Windows启动、停止时，MySQL也自动启动、停止。

方式1：使用图形界面工具

步骤1：打开windows服务

* 方式1：计算机（点击鼠标右键）→ 管理（点击）→ 服务和应用程序（点击）→ 服务（点击）

* 方式2：控制面板（点击）→ 系统和安全（点击）→ 管理工具（点击）→ 服务（点击）

* 方式3：任务栏（点击鼠标右键）→ 启动任务管理器（点击）→ 服务（点击）

* 方式4：单击【开始】菜单，在搜索框中输入“services.msc”，按Enter键确认

步骤2：找到MySQL80（点击鼠标右键）→ 启动或停止（点击）

![image-20220712145808177](https://trpora-1300527744.cos.ap-chongqing.myqcloud.com/img/image-20220712145808177.png)

##### 1.启动mySql服务命令

```shell
net start mysql   (后面填的是mysql服务名)
```

##### 2.停止mySql服务命令

```shell
net stop mysql
```

![image-20220712150031722](https://trpora-1300527744.cos.ap-chongqing.myqcloud.com/img/image-20220712150031722.png)

说明：

1. start和stop后面的服务名应与之前配置时指定的服务名一致。

2. 如果当你输入命令后，提示“拒绝服务”，请以 系统管理员身份 打开命令提示符界面重新尝试。

#### 3.2 自带客户端的登录与退出 

当MySQL服务启动完成后，便可以通过客户端来登录MySQL数据库。注意：确认服务是开启的。

登录方式1：MySQL自带客户端

开始菜单 → 所有程序 → MySQL → MySQL 8.0 Command Line Client

![image-20220712150116416](https://trpora-1300527744.cos.ap-chongqing.myqcloud.com/img/image-20220712150116416.png)

> 说明：仅限于root用户

格式：

```shell
mysql -h 主机名 -P 端口号 -u 用户名 -p密码
```

举例：(端口-P   P是大写)

```shell
mysql -h localhost -P 3306 -u root -proot # 这里我设置的root用户的密码是root
```

![image-20220712150709419](https://trpora-1300527744.cos.ap-chongqing.myqcloud.com/img/image-20220712150709419.png)

注意：

（1）-p与密码之间不能有空格，其他参数名与参数值之间可以有空格也可以没有空格。如：

```shell
mysql -hlocalhost -P3306 -uroot -proot
```

（2）密码建议在下一行输入，保证安全

```shell
mysql -h localhost -P 3306 -u root -p
Enter password:
```

（3）客户端和服务器在同一台机器上，所以输入localhost或者IP地址127.0.0.1。同时，因为是连接本机： -hlocalhost就可以省略，如果端口号没有修改：-P3306也可以省略简写成：

##### 1.命令行登陆

```shell
mysql -uroot -p
Enter password: 
```

连接成功后，有关于MySQL Server服务版本的信息，还有第几次连接的id标识。

也可以在命令行通过以下方式获取MySQL Server服务版本的信息：

##### 2.查看版本信息

```shell
mysql -V  (v大写)
```

```shell
mysql --version
```

或登录后，通过以下方式查看当前版本信息：

```sql
 select version();
```

![image-20220712152347588](https://trpora-1300527744.cos.ap-chongqing.myqcloud.com/img/image-20220712152347588.png)

##### 3退出

```sql
exit
或
quit
```

### 4. MySQL演示使用

#### 4.1 MySQL的使用演示 

> 注：所有的命令后面都要加分号

##### 1、查看所有的数据库

```sql
show databases;
```

> “information_schema”是 MySQL 系统自带的数据库，主要保存 MySQL 数据库服务器的系统信息，比如数据库的名称、数据表的名称、字段名称、存取权限、数据文件 所在的文件夹和系统使用的文件夹，等等
>
> “performance_schema”是 MySQL 系统自带的数据库，可以用来监控 MySQL 的各类性能指标。
>
> “sys”数据库是 MySQL 系统自带的数据库，主要作用是以一种更容易被理解的方式展示 MySQL 数据库服务器的各类性能指标，帮助系统管理员和开发人员监控 MySQL 的技术性能。
>
> “mysql”数据库保存了 MySQL 数据库服务器运行时需要的系统信息，比如数据文件夹、当前使用的字符集、约束检查信息，等等

为什么 Workbench 里面我们只能看到“demo”和“sys”这 2 个数据库呢？

这是因为，Workbench 是图形化的管理工具，主要面向开发人 员，“demo”和“sys”这 2 个数据库已经够用了。如果有特殊需求，比如，需要监控 MySQL 数据库各项性能指标、直接操作 MySQL 数据库系统文件等，可以由 DBA 通过 SQL 语句，查看其它的系统数据库。

##### 2、创建自己的数据库

```sql
create database 数据库名; 
#创建learnmysql数据库，该名称不能与已经存在的数据库重名。
create database learnmysql;
```

##### 3、使用自己的数据库

```sql
use 数据库名; 
#使用learnmysql数据库 
use learnmysql;
```

>  说明：如果没有使用use语句，后面针对数据库的操作也没有加“数据名”的限定，那么会报“ERROR 1046 (3D000): No database selected”（没有选择数据库）

使用完use语句之后，如果接下来的SQL都是针对一个数据库操作的，那就不用重复use了，如果要针对另一个数据库操作，那么要重新use。

![image-20220712160503180](https://trpora-1300527744.cos.ap-chongqing.myqcloud.com/img/image-20220712160503180.png)

##### 4、查看某个库的所有表格

```sql
show tables from 数据库名;
```

##### 5、创建新的表格

```sql
create table 表名称( 
    字段名 数据类型, 
    字段名 数据类型 
);
```

> 说明：如果是最后一个字段，后面就不用加逗号，因为逗号的作用是分割每个字段。

例如：

```sql
#创建学生表 
create table student( 
	id int, 
	name varchar(20) #说名字最长不超过20个字符 
);
```

##### 6、查看一个表的数据

```sql
select  from 数据库名称;
```

```sql
#查看学生表的数据 
select  from student;
```

##### 7、添加一条记录

```sql
insert into 表名称 values(值列表); 
#添加两条记录到student表中 
insert into student values(1,'张三'); 
insert into student values(2,'李四');
```

报错：

```sql
mysql> insert into student values(1,'张三'); 
ERROR 1366 (HY000): Incorrect string value: '\xD5\xC5\xC8\xFD' for column 'name' at row 1 
mysql> insert into student values(2,'李四'); 
ERROR 1366 (HY000): Incorrect string value: '\xC0\xEE\xCB\xC4' for column 'name' at row 1 
mysql> show create table student;
```

![image-20220712161638214](https://trpora-1300527744.cos.ap-chongqing.myqcloud.com/img/image-20220712161638214.png)

字符集的问题。

##### 8、查看表的创建信息

```sql
show create table 表名称\G 

#查看student表的详细创建信息 
show create table student\G
       Table: student
Create Table: CREATE TABLE `student` (
  `id` int(11) DEFAULT NULL,
  `name` varchar(20) DEFAULT NULL
) ENGINE=InnoDB DEFAULT CHARSET=utf8
1 row in set (0.00 sec)
```

##### 9、查看数据库的创建信息

```sql
show create database 数据库名\G

#查看learnmysql数据库的详细创建信息
mysql> show create database learnmysql\G
#结果
 1. row 
       Database: learnmysql
Create Database: CREATE DATABASE `learnmysql` /!40100 DEFAULT CHARACTER SET utf8 /
1 row in set (0.00 sec)
```

##### 10、删除表格

```sql
drop table 表名称;

#删除学生表 
drop table student;
```

##### 11、删除数据库

```sql
drop database 数据库名;
#删除atguigudb数据库 
drop database learnmysql;
```

#### 4.2 MySQL的编码设置 

##### MySQL5.7中

问题再现：命令行操作sql乱码问题

```sql
mysql> INSERT INTO t_stu VALUES(1,'张三','男');
ERROR 1366 (HY000): Incorrect string value: '\xD5\xC5\xC8\xFD' for column 'sname' at row 1
```

问题解决

步骤1：查看编码命令

```sql
show variables like 'character_%'; 
show variables like 'collation_%';
```

步骤2：修改mysql的数据目录下的my.ini配置文件

```ini
default-character-set=utf8 
#默认字符集 [mysqld]
# 大概在76行左右，在其下添加 
... 
character-set-server=utf8
collation-server=utf8_general_ci
```

> 注意：建议修改配置文件使用notepad++等高级文本编辑器，使用记事本等软件打开修改后可能会导致文件编码修改为“含BOM头”的编码，从而服务重启失败。

步骤3：重启服务

步骤4：查看编码命令

```sql
show variables like 'character_%'; 
show variables like 'collation_%';
```

![image-20220712163514386](https://trpora-1300527744.cos.ap-chongqing.myqcloud.com/img/image-20220712163514386.png)

如果是以上配置就说明对了。接着我们就可以新创建数据库、新创建数据表，接着添加包含中文的数据了。

上述方法不行，还是添加不了，请看下面

```sql
set names gbk;
```

![image-20220712164120432](https://trpora-1300527744.cos.ap-chongqing.myqcloud.com/img/image-20220712164120432.png)

插入成功

![image-20220712164137755](https://trpora-1300527744.cos.ap-chongqing.myqcloud.com/img/image-20220712164137755.png)

##### MySQL8.0中 

在MySQL 8.0版本之前，默认字符集为latin1，utf8字符集指向的是utf8mb3。网站开发人员在数据库设计的时候往往会将编码修改为utf8字符集。如果遗忘修改默认的编码，就会出现乱码的问题。从MySQL 8.0开始，数据库的默认编码改为 utf8mb4 ，从而避免了上述的乱码问题。

### 5. MySQL图形化管理工具

MySQL图形化管理工具极大地方便了数据库的操作与管理，常用的图形化管理工具有：MySQL Workbench、phpMyAdmin、Navicat Preminum、MySQLDumper、SQLyog、dbeaver、MySQL ODBC Connector。 

#### 工具1. MySQL Workbench 

MySQL官方提供的图形化管理工具MySQL Workbench完全支持MySQL 5.0以上的版本。MySQL Workbench分为社区版和商业版，社区版完全免费，而商业版则是按年收费。

MySQL Workbench 为数据库管理员、程序开发者和系统规划师提供可视化设计、模型建立、以及数据库管理功能。它包含了用于创建复杂的数据建模ER模型，正向和逆向数据库工程，也可以用于执行通常需要花费大量时间的、难以变更和管理的文档任务。

下载地址：http://dev.mysql.com/downloads/workbench/。

使用：首先，我们点击 Windows 左下角的“开始”按钮，如果你是 Win10 系统，可以直接看到所有程序。接着，找到“MySQL”，点开，找到“MySQL Workbench 8.0 CE”。点击打开 Workbench，如下图所示：

![image-20220712164518305](https://trpora-1300527744.cos.ap-chongqing.myqcloud.com/img/image-20220712164518305.png)

左下角有个本地连接，点击，录入 Root 的密码，登录本地 MySQL 数据库服务器，如下图所示：

![image-20220712164543085](https://trpora-1300527744.cos.ap-chongqing.myqcloud.com/img/image-20220712164543085.png)

![image-20220712164627645](https://trpora-1300527744.cos.ap-chongqing.myqcloud.com/img/image-20220712164627645.png)

![image-20220712164640805](https://trpora-1300527744.cos.ap-chongqing.myqcloud.com/img/image-20220712164640805.png)

这是一个图形化的界面，我来给你介绍下这个界面。

* 上方是菜单。左上方是导航栏，这里我们可以看到 MySQL 数据库服务器里面的数据 库，包括数据表、视图、存储过程和函数；左下方是信息栏，可以显示上方选中的数据 库、数据表等对象的信息。

* 中间上方是工作区，你可以在这里写 SQL 语句，点击上方菜单栏左边的第三个运行按 钮，就可以执行工作区的 SQL 语句了。

* 中间下方是输出区，用来显示 SQL 语句的运行情况，包括什么时间开始运行的、运行的 内容、运行的输出，以及所花费的时长等信息。

#### 工具2. Navicat 

Navicat MySQL是一个强大的MySQL数据库服务器管理和开发工具。它可以与任何3.21或以上版本的MySQL一起工作，支持触发器、存储过程、函数、事件、视图、管理用户等，对于新手来说易学易用。其精心设计的图形用户界面（GUI）可以让用户用一种安全简便的方式来快速方便地创建、组织、访问和共享信息。Navicat支持中文，有免费版本提供。 下载地址：http://www.navicat.com/。 

![image-20220712165418016](https://trpora-1300527744.cos.ap-chongqing.myqcloud.com/img/image-20220712165418016.png)

#### 工具3. SQLyog 

SQLyog 是业界著名的 Webyog 公司出品的一款简洁高效、功能强大的图形化 MySQL 数据库管理工具。

这款工具是使用C++语言开发的。该工具可以方便地创建数据库、表、视图和索引等，还可以方便地进行插入、更新和删除等操作，同时可以方便地进行数据库、数据表的备份和还原。该工具不仅可以通过SQL文件进行大量文件的导入和导出，还可以导入和导出XML、HTML和CSV等多种格式的数据。 下载地址：http://www.webyog.com/，读者也可以搜索中文版的下载地址。

![image-20220712165642162](https://trpora-1300527744.cos.ap-chongqing.myqcloud.com/img/image-20220712165642162.png)

![image-20220712165703903](https://trpora-1300527744.cos.ap-chongqing.myqcloud.com/img/image-20220712165703903.png)

#### 可能出现连接问题：

有些图形界面工具，特别是旧版本的图形界面工具，在连接MySQL8时出现“Authentication plugin 'caching_sha2_password' cannot be loaded”错误。

![image-20220712165736462](https://trpora-1300527744.cos.ap-chongqing.myqcloud.com/img/image-20220712165736462.png)

出现这个原因是MySQL8之前的版本中加密规则是mysql_native_password，而在MySQL8之后，加密规则是caching_sha2_password。解决问题方法有两种，

* 第一种是升级图形界面工具版本，

* 第二种是把MySQL8用户登录密码加密规则还原成mysql_native_password。

第二种解决方案如下，用命令行登录MySQL数据库之后，执行如下命令修改用户密码加密规则并更新用户密码，这里修改用户名为“root@localhost”的用户密码规则为“mysql_native_password”，密码值为“123456”，如图所示。

```sql
#使用mysql数据库 
USE mysql; 
#修改'root'@'localhost'用户的密码规则和密码 
ALTER USER 'root'@'localhost' IDENTIFIED WITH mysql_native_password BY 'abc123'; 
#刷新权限 FLUSH PRIVILEGES;
```

### 6. MySQL目录结构与源码

#### 6.1 主要目录结构 

| MySQL的目录结构                               | 说明                                 |
| --------------------------------------------- | ------------------------------------ |
| bin目录                                       | 所有MySQL的可执行文件。如：mysql.exe |
| MySQLInstanceConfig.exe                       | 数据库的配置向导，在安装时出现的内容 |
| data目录                                      | 系统数据库所在的目录                 |
| my.ini文件                                    | MySQL的主要配置文件                  |
| C:\Program Files\MySQL\MySQL Server 5.5\data\ | 用户创建的数据库所在的目录           |

#### 6.2 MySQL 源代码获取

首先，你要进入 MySQL下载界面。 这里你不要选择用默认的“Microsoft Windows”，而是要通过下拉栏，找到“Source Code”，在下面的操作系统版本里面， 选择 Windows（Architecture Independent），然后点击下载。

接下来，把下载下来的压缩文件解压，我们就得到了 MySQL 的源代码。

MySQL 是用 C++ 开发而成的，我简单介绍一下源代码的组成。

mysql-8.0.22 目录下的各个子目录，包含了 MySQL 各部分组件的源代码：

![image-20220712170833749](https://trpora-1300527744.cos.ap-chongqing.myqcloud.com/img/image-20220712170833749.png)

* sql 子目录是 MySQL 核心代码；

* libmysql 子目录是客户端程序 API； 

* mysql-test 子目录是测试工具；

* mysys 子目录是操作系统相关函数和辅助函数；

问题1：root用户密码忘记，重置的操作 

1: 通过任务管理器或者服务管理，关掉mysqld(服务进程)

 2: 通过命令行+特殊参数开启mysqld mysqld -- defaults-file="D:\ProgramFiles\mysql\MySQLServer5.7Data\my.ini" --skip-grant-tables 

3: 此时，mysqld服务进程已经打开。并且不需要权限检查 

4: mysql -uroot 无密码登陆服务器。另启动一个客户端进行 

5: 修改权限表

 （1） use mysql; 

（2）update user set authentication_string=password('新密码') where user='root' and Host='localhost'; 

（3）flush privileges; 

6: 通过任务管理器，关掉mysqld服务进程。 

7: 再次通过服务管理，打开mysql服务。 

8: 即可用修改后的新密码登陆。

问题2：mysql命令报“不是内部或外部命令”

如果输入mysql命令报“不是内部或外部命令”，把mysql安装目录的bin目录配置到环境变量path中。如

![image-20220712171119022](https://trpora-1300527744.cos.ap-chongqing.myqcloud.com/img/image-20220712171119022.png)

ERROR 1046 (3D000): No database selected

解决方案一：就是使用“USE 数据库名;”语句，这样接下来的语句就默认针对这个数据库进行操作

解决方案二：就是所有的表对象前面都加上“数据库.”

问题4：命令行客户端的字符集问题

```sql
mysql> INSERT INTO t_stu VALUES(1,'张三','男'); 
ERROR 1366 (HY000): Incorrect string value: '\xD5\xC5\xC8\xFD' for column 'sname' at row 1
```

原因：服务器端认为你的客户端的字符集是utf-8，而实际上你的客户端的字符集是GBK。

![image-20220712171309610](https://trpora-1300527744.cos.ap-chongqing.myqcloud.com/img/image-20220712171309610.png)

查看所有字符集：SHOW VARIABLES LIKE 'character_set_%'; 

解决方案，设置当前连接的客户端字符集 “SET NAMES GBK;” 

问题5：修改数据库和表的字符编码

修改编码：

（1)先停止服务，（2）修改my.ini文件（3）重新启动服务

说明：

如果是在修改my.ini之前建的库和表，那么库和表的编码还是原来的Latin1，要么删了重建，要么使用alter语句修改编码。

## 第2章_基本的SELECT语句

### 2.1SQL 分类 

SQL语言在功能上主要分为如下3大类：

* DDL（Data Definition Languages、数据定义语言），这些语句定义了不同的数据库、表、视图、索引等数据库对象，还可以用来创建、删除、修改数据库和数据表的结构。主要的语句关键字包括 CREATE 、 DROP 、 ALTER 等。

* DML（Data Manipulation Language、数据操作语言），用于添加、删除、更新和查询数据库记录，并检查数据完整性。主要的语句关键字包括 INSERT 、 DELETE 、 UPDATE 、 SELECT 等。SELECT是SQL语言的基础，最为重要。

* DCL（Data Control Language、数据控制语言），用于定义数据库、表、字段、用户的访问权限和安全级别。主要的语句关键字包括 GRANT 、 REVOKE 、 COMMIT 、 ROLLBACK 、 SAVEPOINT 等。

> 因为查询语句使用的非常的频繁，所以很多人把查询语句单拎出来一类：DQL（数据查询语言）。还有单独将 COMMIT 、 ROLLBACK 取出来称为TCL （Transaction Control Language，事务控制语言）。

### 2.2SQL语言的规则与规范

1.SQL 可以写在一行或者多行。为了提高可读性，各子句分行写，必要时使用缩进

* 每条命令以 ; 或 \g 或 \G 结束

* 关键字不能被缩写也不能分行

* 关于标点符号
  * 必须保证所有的()、单引号、双引号是成对结束的
  * 必须使用英文状态下的半角输入方式
  * 字符串型和日期时间类型的数据可以使用单引号（' '）表示列的别名，尽量使用双引号（" "），而且不建议省略as 

2SQL大小写规范 （建议遵守） 

* MySQL 在 Windows 环境下是大小写不敏感的

* MySQL 在 Linux 环境下是大小写敏感的
  * 数据库名、表名、表的别名、变量名是严格区分大小写的
  * 关键字、函数名、列名(或字段名)、列的别名(字段的别名) 是忽略大小写的。

* 推荐采用统一的书写规范：

  * 数据库名、表名、表别名、字段名、字段别名等都小写

  * SQL 关键字、函数名、绑定变量等都大写

3 注 释

可以使用如下格式的注释结构

```sql
单行注释：#注释文字(MySQL特有的方式) 
单行注释：-- 注释文字(--后面必须包含一个空格。) 
多行注释：/ 注释文字 /
```

4 命名规则（暂时了解）

* 数据库、表名不得超过30个字符，变量名限制为29个
* 必须只能包含 A–Z, a–z, 0–9, _共63个字符
* 数据库名、表名、字段名等对象名中间不要包含空格
* 同一个MySQL软件中，数据库不能同名；同一个库中，表不能重名；同一个表中，字段不能重名
* 必须保证你的字段没有和保留字、数据库系统或常用方法冲突。如果坚持使用，请在SQL语句中使用`（着重号）引起来
* 保持字段名和类型的一致性，在命名字段并为其指定数据类型的时候一定要保证一致性。假如数据类型在一个表里是整数，那在另一个表里可就别变成字符型了

例如：

```sql
#以下两句是一样的，不区分大小写
show databases; 
SHOW DATABASES; 
#创建表格 
#create table student info(...); 
#表名错误，因为表名有空格 
create table student_info(...); 
#其中order使用``飘号，因为order和系统关键字或系统函数名等预定义标识符重名了 
CREATE TABLE `order`();
select id as "编号", `name` as "姓名" from t_stu; 
#起别名时，as都可以省略 
select id as 编号, `name` as 姓名 from t_stu; 
#如果字段别名中没有空格，那么可以省略"" 
select id as 编 号, `name` as 姓 名 from t_stu; 
#错误，如果字段别名中有空格，那么不能省略""
```

### 数据导入指令

在命令行客户端登录mysql，使用source指令导入

```sql
mysql> source d:\mysqldb.sql
```

### 2.3基本的SELECT语句

#### 2.3.0 SELECT... 

```sql
SELECT 1; #没有任何子句 
SELECT 9/2; #没有任何子句 
```

#### 2.3.1 SELECT ... FROM

* 语法：

```sql
SELECT 标识选择哪些列 FROM 标识从哪个表中选择
```

* 选择全部列：

```sql
select  from student
```

> 一般情况下，除非需要使用表中所有的字段数据，最好不要使用通配符‘’。使用通配符虽然可以节省输入查询语句的时间，但是获取不需要的列数据通常会降低查询和所使用的应用程序的效率。通配符的优势是，当不知道所需要的列的名称时，可以通过它获取它们。
>
> 在生产环境下，不推荐你直接使用 SELECT  进行查询。

* 选择特定的列：

```sql
SELECT id, name FROM student;
```

> ySQL中的SQL语句是不区分大小写的，因此SELECT和select的作用是相同的，但是，许多开发人员习惯将关键字大写、数据列和表名小写，读者也应该养成一个良好的编程习惯，这样写出来的代码更容易阅读和维护。

#### 2.3.2 列的别名

* 重命名一个列

* 便于计算

* 紧跟列名，也可以在列名和别名之间加入关键字AS，别名使用双引号，以便在别名中包含空格或特殊的字符并区分大小写。

* AS 可以省略

* 建议别名简短，见名知意

举例:

```sql
SELECT id AS 编号, name AS 姓名 FROM student;
```

```sql
SELECT last_name 名字, salary12 年薪 FROM employees;
```

#### 2.3.3 去除重复行

* 默认情况下，查询会返回全部行，包括重复行。

```sql
SELECT department_id FROM employees;
```

![image-20220712190703781](https://trpora-1300527744.cos.ap-chongqing.myqcloud.com/img/image-20220712190703781.png)

在SELECT语句中使用关键字DISTINCT去除重复行

```sql
SELECT DISTINCT department_id id FROM employees;
```

针对于：

这里有两点需要注意：

```sql
SELECT DISTINCT department_id,salary FROM employees;
```

1. DISTINCT 需要放到所有列名的前面，如果写成 SELECT salary, DISTINCT department_id FROM employees 会报错。

2. DISTINCT 其实是对后面所有列名的组合进行去重，你能看到最后的结果是 74 条，因为这 74 个部门id不同，都有 salary 这个属性值。如果你想要看都有哪些不同的部门（department_id），只需要写 DISTINCT department_id 即可，后面不需要再加其他的列名了。

#### 2.3.4 空值参与运算

所有运算符或列值遇到null值，运算的结果都为null

```sql
SELECT employee_id,salary,commission_pct, 12  salary  (1 + commission_pct) "annual_sal" FROM employees;
```

![image-20220712191226833](https://trpora-1300527744.cos.ap-chongqing.myqcloud.com/img/image-20220712191226833.png)

这里你一定要注意，在 MySQL 里面， 空值不等于空字符串。一个空字符串的长度是 0，而一个空值的长度是空。而且，在 MySQL 里面，空值是占用空间的。

#### 2.3.5 着重号

错误的order是关键字

```sql
mysql> SELECT  FROM ORDER; 
ERROR 1064 (42000): You have an error in your SQL syntax; check the manual that corresponds to your MySQL server version for the right syntax to use near 'ORDER' at line 1
```

正确写法：

```sql
mysql> SELECT  FROM `ORDER`;
```

结论:我们需要保证表中的字段、表名等没有和保留字、数据库系统或常用方法冲突。如果真的相同，请在SQL语句中使用一对``（着重号）引起来。

#### 2.3.6 查询常数

SELECT 查询还可以对常数进行查询。对的，就是在 SELECT 查询结果中增加一列固定的常数列。这列的取值是我们指定的，而不是从数据表中动态取出的。

你可能会问为什么我们还要对常数进行查询呢？

SQL 中的 SELECT 语法的确提供了这个功能，一般来说我们只从一个表中查询数据，通常不需要增加一个固定的常数列，但如果我们想整合不同的数据源，用常数列作为这个表的标记，就需要查询常数。比如说，我们想对 employees 数据表中的员工姓名进行查询，同时增加一列字段 corporation ，这个字段固定值为“程序员”，可以这样写：

```sql
SELECT '程序员' AS corporation, last_name FROM employees;
```

![image-20220712191726639](https://trpora-1300527744.cos.ap-chongqing.myqcloud.com/img/image-20220712191726639.png)

### 2.4显示表结构

* 使用DESCRIBE 或 DESC 命令，表示表结构。

```sql
DESCRIBE employees; 
或
DESC employees;
```

```sql
mysql> desc employees;
+----------------+-------------+------+-----+---------+-------+
| Field          | Type        | Null | Key | Default | Extra |
+----------------+-------------+------+-----+---------+-------+
| employee_id    | int(6)      | NO   | PRI | 0       |       |
| first_name     | varchar(20) | YES  |     | NULL    |       |
| last_name      | varchar(25) | NO   |     | NULL    |       |
| email          | varchar(25) | NO   | UNI | NULL    |       |
| phone_number   | varchar(20) | YES  |     | NULL    |       |
| hire_date      | date        | NO   |     | NULL    |       |
| job_id         | varchar(10) | NO   | MUL | NULL    |       |
| salary         | double(8,2) | YES  |     | NULL    |       |
| commission_pct | double(2,2) | YES  |     | NULL    |       |
| manager_id     | int(6)      | YES  | MUL | NULL    |       |
| department_id  | int(4)      | YES  | MUL | NULL    |       |
+----------------+-------------+------+-----+---------+-------+
11 rows in set (0.00 sec)
```

其中，各个字段的含义分别解释如下：

* Field：表示字段名称。

* Type：表示字段类型，这里 barcode、goodsname 是文本型的，price 是整数类型的。

* Null：表示该列是否可以存储NULL值。

* Key：表示该列是否已编制索引。PRI表示该列是表主键的一部分；UNI表示该列是UNIQUE索引的一部分；MUL表示在列中某个给定值允许出现多次。

* Default：表示该列是否有默认值，如果有，那么值是多少。

* Extra：表示可以获取的与给定列有关的附加信息，例如AUTO_INCREMENT等


### 2.5过滤数据where

语法：

```sql
SELECT 字段1,字段2 FROM 表名 WHERE 过滤条件
```

使用WHERE 子句，将不满足条件的行过滤掉WHERE子句紧随 FROM子句

举例：

```sql
SELECT employee_id, last_name, job_id, department_id FROM employees WHERE department_id = 90 ;
```

## 第3章_运算符

### 3.1算术运算符

算术运算符主要用于数学运算，其可以连接运算符前后的两个数值或表达式，对数值或表达式进行加（+）、减（-）、乘（）、除（/）和取模（%）运算

![image-20220712192657443](https://trpora-1300527744.cos.ap-chongqing.myqcloud.com/img/image-20220712192657443.png)

#### 3.1.1加法与减法运算符

```sql
mysql> SELECT 100, 100 + 0, 100 - 0, 100 + 50, 100 + 50 -30, 100 + 35.5, 100 - 35.5 FROM dual;
+-----+---------+---------+----------+--------------+------------+------------+
| 100 | 100 + 0 | 100 - 0 | 100 + 50 | 100 + 50 -30 | 100 + 35.5 | 100 - 35.5 |
+-----+---------+---------+----------+--------------+------------+------------+
| 100 |     100 |     100 |      150 |          120 |      135.5 |       64.5 |
+-----+---------+---------+----------+--------------+------------+------------+
1 row in set (0.00 sec)
```

由运算结果可以得出如下结论：

> * 一个整数类型的值对整数进行加法和减法操作，结果还是一个整数；
>
> * 一个整数类型的值对浮点数进行加法和减法操作，结果是一个浮点数；
>
> * 加法和减法的优先级相同，进行先加后减操作与进行先减后加操作的结果是一样的；
>
> * 在Java中，+的左右两边如果有字符串，那么表示字符串的拼接。但是在MySQL中+只表示数值相加。如果遇到非数值类型，先尝试转成数值，如果转失败，就按0计算。（补充：MySQL中字符串拼接要使用字符串函数CONCAT()实现）

```sql
mysql> select 1 + "100", 1 + "100.1", 1 + "字符", 1 + null;
+-----------+-------------+------------+----------+
| 1 + "100" | 1 + "100.1" | 1 + "字符"    | 1 + null |
+-----------+-------------+------------+----------+
|       101 |       101.1 |          1 |     NULL |
+-----------+-------------+------------+----------+
1 row in set, 2 warnings (0.00 sec)
```

#### 3.1.2乘法与除法运算符

```sql
mysql> SELECT 100, 100  1, 100  1.0, 100 / 1.0, 100 / 2,100 + 2  5 / 2,100 /3, 100 DIV 0 FROM dual;
+-----+---------+-----------+-----------+---------+-----------------+---------+-----------+
| 100 | 100  1 | 100  1.0 | 100 / 1.0 | 100 / 2 | 100 + 2  5 / 2 | 100 /3  | 100 DIV 0 |
+-----+---------+-----------+-----------+---------+-----------------+---------+-----------+
| 100 |     100 |     100.0 |  100.0000 | 50.0000 |        105.0000 | 33.3333 |      NULL |
+-----+---------+-----------+-----------+---------+-----------------+---------+-----------+
1 row in set (0.00 sec)
```

由运算结果可以得出如下结论:

> * 一个数乘以整数1和除以整数1后仍得原数；
>
> * 一个数乘以浮点数1和除以浮点数1后变成浮点数，数值与原数相等；
>
> * 一个数除以整数后，不管是否能除尽，结果都为一个浮点数；
>
> * 一个数除以另一个数，除不尽时，结果为一个浮点数，并保留到小数点后4位；
>
> * 乘法和除法的优先级相同，进行先乘后除操作与先除后乘操作，得出的结果相同。
>
> * 在数学运算中，0不能用作除数，在MySQL中，一个数除以0为NULL。 

#### 3.1.3求模（求余）运算符 

将t22表中的字段i对3和5进行求模（求余）运算

```sql
mysql>  SELECT 12 % 3, 12 MOD 5 FROM dual;
+--------+----------+
| 12 % 3 | 12 MOD 5 |
+--------+----------+
|      0 |        2 |
+--------+----------+
1 row in set (0.00 sec)
```

### 3.2比较运算符

比较运算符用来对表达式左边的操作数和右边的操作数进行比较，比较的结果为真则返回1，比较的结果为假则返回0，其他情况则返回NULL。

比较运算符经常被用来作为SELECT查询语句的条件来使用，返回符合条件的结果记录。

![image-20220712193734246](https://trpora-1300527744.cos.ap-chongqing.myqcloud.com/img/image-20220712193734246.png)

#### 3.2.1等号运算符

* 等号运算符（=）判断等号两边的值、字符串或表达式是否相等，如果相等则返回1，不相等则返回0。

* 在使用等号运算符时，遵循如下规则：

  * 如果等号两边的值、字符串或表达式都为字符串，则MySQL会按照字符串进行比较，其比较的是每个字符串中字符的ANSI编码是否相等。

  * 如果等号两边的值都是整数，则MySQL会按照整数来比较两个值的大小。

  * 如果等号两边的值一个是整数，另一个是字符串，则MySQL会将字符串转化为数字进行比较。

  * 如果等号两边的值、字符串或表达式中有一个为NULL，则比较结果为NULL。

* 对比：SQL中赋值符号使用 := 

```sql
mysql> SELECT 1 = 1, 1 = '1', 1 = 0, 'a' = 'a', (5 + 3) = (2 + 6), '' = NULL , NULL = NULL;
+-------+---------+-------+-----------+-------------------+-----------+-------------+
| 1 = 1 | 1 = '1' | 1 = 0 | 'a' = 'a' | (5 + 3) = (2 + 6) | '' = NULL | NULL = NULL |
+-------+---------+-------+-----------+-------------------+-----------+-------------+
|     1 |       1 |     0 |         1 |                 1 |      NULL |        NULL |
+-------+---------+-------+-----------+-------------------+-----------+-------------+
```

```sql
mysql>  SELECT 1 = 2, 0 = 'abc', 1 = 'abc' FROM dual;
+-------+-----------+-----------+
| 1 = 2 | 0 = 'abc' | 1 = 'abc' |
+-------+-----------+-----------+
|     0 |         1 |         0 |
+-------+-----------+-----------+
1 row in set, 2 warnings (0.00 sec)
```

非数值类型，先尝试转成数值，如果转失败，就按0计算。

```sql
#查询salary=10000，注意在Java中比较是== 
SELECT employee_id,salary FROM employees WHERE salary = 10000;
```

#### 3.2.2安全等于运算符 

安全等于运算符（<=>）与等于运算符（=）的作用是相似的， 唯一的区别 是‘<=>’可以用来对NULL进行判断。在两个操作数均为NULL时，其返回值为1，而不为NULL；当一个操作数为NULL时，其返回值为0，而不为NULL。

```sql
mysql> SELECT 1 <=> '1', 1 <=> 0, 'a' <=> 'a', (5 + 3) <=> (2 + 6), '' <=> NULL,NULL <=> NULL FROM dual;
+-----------+---------+-------------+---------------------+-------------+---------------+
| 1 <=> '1' | 1 <=> 0 | 'a' <=> 'a' | (5 + 3) <=> (2 + 6) | '' <=> NULL | NULL <=> NULL |
+-----------+---------+-------------+---------------------+-------------+---------------+
|         1 |       0 |           1 |                   1 |           0 |             1 |
+-----------+---------+-------------+---------------------+-------------+---------------+
1 row in set (0.00 sec)
```

```sql
#查询commission_pct等于0.40 
SELECT employee_id,commission_pct FROM employees WHERE commission_pct = 0.40; 
SELECT employee_id,commission_pct FROM employees WHERE commission_pct <=> 0.40;
```

可以看到，使用安全等于运算符时，两边的操作数的值都为NULL时，返回的结果为1而不是NULL，其他返回结果与等于运算符相同。

#### 3.2.3不等于运算符 

不等于运算符（<>和!=）用于判断两边的数字、字符串或者表达式的值是否不相等，如果不相等则返回1，相等则返回0。不等于运算符不能判断NULL值。如果两边的值有任意一个为NULL，或两边都为NULL，则结果为NULL。

 SQL语句示例如下：

```sql
mysql> SELECT 1 <> 1, 1 != 2, 'a' != 'b', (3+4) <> (2+6), 'a' != NULL, NULL <> NULL;
+--------+--------+------------+----------------+-------------+--------------+
| 1 <> 1 | 1 != 2 | 'a' != 'b' | (3+4) <> (2+6) | 'a' != NULL | NULL <> NULL |
+--------+--------+------------+----------------+-------------+--------------+
|      0 |      1 |          1 |              1 |        NULL |         NULL |
+--------+--------+------------+----------------+-------------+--------------+
1 row in set (0.00 sec)
```

此外，还有非符号类型的运算符：

![image-20220712201909262](https://trpora-1300527744.cos.ap-chongqing.myqcloud.com/img/image-20220712201909262.png)

#### 3.2.4空运算符 

空运算符（IS NULL或者ISNULL）判断一个值是否为NULL，如果为NULL则返回1，否则返回0。 

SQL语句示例如下：

```sql
mysql> SELECT NULL IS NULL, ISNULL(NULL), ISNULL('a'), 1 IS NULL;
+--------------+--------------+-------------+-----------+
| NULL IS NULL | ISNULL(NULL) | ISNULL('a') | 1 IS NULL |
+--------------+--------------+-------------+-----------+
|            1 |            1 |           0 |         0 |
+--------------+--------------+-------------+-----------+
1 row in set (0.00 sec)
```

```sql
#查询commission_pct等于NULL。比较如下的四种写法 
SELECT employee_id,commission_pct FROM employees WHERE commission_pct IS NULL; 
SELECT employee_id,commission_pct FROM employees WHERE commission_pct <=> NULL; 
SELECT employee_id,commission_pct FROM employees WHERE ISNULL(commission_pct); 
SELECT employee_id,commission_pct FROM employees WHERE commission_pct = NULL;
```

```sql
SELECT last_name, manager_id FROM employees WHERE manager_id IS NULL;
```

#### 3.2.5非空运算符 

非空运算符（IS NOT NULL）判断一个值是否不为NULL，如果不为NULL则返回1，否则返回0。 

SQL语句示例如下：

```sql
mysql> SELECT NULL IS NOT NULL, 'a' IS NOT NULL, 1 IS NOT NULL;
+------------------+-----------------+---------------+
| NULL IS NOT NULL | 'a' IS NOT NULL | 1 IS NOT NULL |
+------------------+-----------------+---------------+
|                0 |               1 |             1 |
+------------------+-----------------+---------------+
1 row in set (0.00 sec)
```

```sql
#查询commission_pct不等于NULL 
SELECT employee_id,commission_pct FROM employees WHERE commission_pct IS NOT NULL; 
SELECT employee_id,commission_pct FROM employees WHERE NOT commission_pct <=> NULL; 
SELECT employee_id,commission_pct FROM employees WHERE NOT ISNULL(commission_pct);
```

#### 3.2.6最小值运算符 

语法格式为：LEAST(值1，值2，...，值n)。其中，“值n”表示参数列表中有n个值。在有两个或多个参数的情况下，返回最小值。

```sql
mysql> SELECT LEAST (1,0,2), LEAST('a','b','c'), LEAST(1,NULL,2);
+---------------+--------------------+-----------------+
| LEAST (1,0,2) | LEAST('a','b','c') | LEAST(1,NULL,2) |
+---------------+--------------------+-----------------+
|             0 | a                  |            NULL |
+---------------+--------------------+-----------------+
1 row in set (0.00 sec)
```

由结果可以看到，当参数是整数或者浮点数时，LEAST将返回其中最小的值；当参数为字符串时，返回字母表中顺序最靠前的字符；当比较值列表中有NULL时，不能判断大小，返回值为NULL。 

#### 3.2.7最大值运算符 

语法格式为：GREATEST(值1，值2，...，值n)。其中，n表示参数列表中有n个值。当有两个或多个参数时，返回值为最大值。假如任意一个自变量为NULL，则GREATEST()的返回值为NULL。

```sql
mysql> SELECT GREATEST(1,0,2),GREATEST('b','a','c'),GREATEST(1,NULL,2);
+-----------------+-----------------------+--------------------+
| GREATEST(1,0,2) | GREATEST('b','a','c') | GREATEST(1,NULL,2) |
+-----------------+-----------------------+--------------------+
|               2 | c                     |               NULL |
+-----------------+-----------------------+--------------------+
1 row in set (0.00 sec)
```

由结果可以看到，当参数中是整数或者浮点数时，GREATEST将返回其中最大的值；当参数为字符串时，返回字母表中顺序最靠后的字符；当比较值列表中有NULL时，不能判断大小，返回值为NULL。 

#### 3.2.8 BETWEEN AND运算符 

BETWEEN运算符使用的格式通常为SELECT D FROM TABLE WHERE C BETWEEN A AND B，此时，当C大于或等于A，并且C小于或等于B时，结果为1，否则结果为0。 

```sql
mysql> SELECT 1 BETWEEN 0 AND 1, 10 BETWEEN 11 AND 12,'b' BETWEEN 'a' AND 'c';
+-------------------+----------------------+-------------------------+
| 1 BETWEEN 0 AND 1 | 10 BETWEEN 11 AND 12 | 'b' BETWEEN 'a' AND 'c' |
+-------------------+----------------------+-------------------------+
|                 1 |                    0 |                       1 |
+-------------------+----------------------+-------------------------+
1 row in set (0.00 sec)
```

```sql
SELECT last_name, salary 
FROM employees 
WHERE salary BETWEEN 2500 AND 3500;
```

#### 3.2.9 IN运算符 

IN运算符用于判断给定的值是否是IN列表中的一个值，如果是则返回1，否则返回0。如果给定的值为NULL，或者IN列表中存在NULL，则结果为NULL。 

```sql
mysql>  SELECT 'a' IN ('a','b','c'), 1 IN (2,3), NULL IN ('a','b'), 'a' IN ('a', NULL);
+----------------------+------------+-------------------+--------------------+
| 'a' IN ('a','b','c') | 1 IN (2,3) | NULL IN ('a','b') | 'a' IN ('a', NULL) |
+----------------------+------------+-------------------+--------------------+
|                    1 |          0 |              NULL |                  1 |
+----------------------+------------+-------------------+--------------------+
1 row in set (0.00 sec)
```

```sql
SELECT employee_id, last_name, salary, manager_id 
FROM employees 
WHERE manager_id IN (100, 101, 201);
```

#### 3.2.10 NOT IN运算符 

NOT IN运算符用于判断给定的值是否不是IN列表中的一个值，如果不是IN列表中的一个值，则返回1，否则返回0。 

```sql
mysql> SELECT 'a' NOT IN ('a','b','c'), 1 NOT IN (2,3);
+--------------------------+----------------+
| 'a' NOT IN ('a','b','c') | 1 NOT IN (2,3) |
+--------------------------+----------------+
|                        0 |              1 |
+--------------------------+----------------+
1 row in set (0.00 sec)
```

#### 3.2.11 LIKE运算符 

LIKE运算符主要用来匹配字符串，通常用于模糊匹配，如果满足条件则返回1，否则返回0。如果给定的值或者匹配条件为NULL，则返回结果为NULL。 

LIKE运算符通常使用如下通配符：

```sql
“%”：匹配0个或多个字符。 
“_”：只能匹配一个字符。
```

```sql
mysql> SELECT NULL LIKE 'abc', 'abc' LIKE NULL, NULL LIKE '%abc%';
+-----------------+-----------------+-------------------+
| NULL LIKE 'abc' | 'abc' LIKE NULL | NULL LIKE '%abc%' |
+-----------------+-----------------+-------------------+
|            NULL |            NULL |              NULL |
+-----------------+-----------------+-------------------+
1 row in set (0.00 sec)
```

```sql
SELECT first_name
FROM employees
WHERE first_name LIKE 'S%';
```

```sql
SELECT last_name
FROM employees
WHERE last_name LIKE '_o%'; # 查找第二个字符为o的
```

#### 3.2.12 ESCAPE

回避特殊符号的：使用转义符。例如：将[%]转为[$%]、[]转为[$]，然后再加上[ESCAPE‘$’]即可。

```sql
SELECT job_id 
FROM jobs 
WHERE job_id LIKE 'IT\_%'; # 查找IT_开头的
```

如果使用\表示转义，要省略ESCAPE。如果不是\，则要加上ESCAPE。 

```sql
SELECT job_id 
FROM jobs 
WHERE job_id LIKE 'IT$_%' ESCAPE '$';
```

#### 3.2.13 REGEXP运算符

REGEXP运算符用来匹配字符串，语法格式为： expr REGEXP 匹配条件 。如果expr满足匹配条件，返回1；如果不满足，则返回0。若expr或匹配条件任意一个为NULL，则结果为NULL。REGEXP运算符在进行匹配时，常用的有下面几种通配符：

```
（1）‘^’匹配以该字符后面的字符开头的字符串。
（2）‘$’匹配以该字符前面的字符结尾的字符串。 
（3）‘.’匹配任何一个单字符。 
（4）“[...]”匹配在方括号内的任何字符。例如，“[abc]”匹配“a”或“b”或“c”。为了命名字符的范围，使用一个‘-’。“[a-z]”匹配任何字母，而“[0-9]”匹配任何数字。 
（5）‘’匹配零个或多个在它前面的字符。例如，“x”匹配任何数量的‘x’字符，“[0-9]”匹配任何数量的数字， 而“”匹配任何数量的任何字符。
```

SQL语句示例如下：

```sql
mysql> SELECT 'shkstart' REGEXP '^s', 'shht' REGEXP 't$', 'shkstart' REGEXP 'hk';
+------------------------+--------------------+------------------------+
| 'shkstart' REGEXP '^s' | 'shht' REGEXP 't$' | 'shkstart' REGEXP 'hk' |
+------------------------+--------------------+------------------------+
|                      1 |                  1 |                      1 |
+------------------------+--------------------+------------------------+
1 row in set (0.00 sec)
```

```sql
mysql> SELECT 'abc' REGEXP 'acb.cd', 'abc' REGEXP '[cd]';
+-----------------------+---------------------+
| 'abc' REGEXP 'acb.cd' | 'abc' REGEXP '[cd]' |
+-----------------------+---------------------+
|                     0 |                   1 |
+-----------------------+---------------------+
1 row in set (0.00 sec)
```

### 3.3逻辑运算符

逻辑运算符主要用来判断表达式的真假，在MySQL中，逻辑运算符的返回结果为1、0或者NULL。 MySQL中支持4种逻辑运算符如下：

![image-20220712211124825](https://trpora-1300527744.cos.ap-chongqing.myqcloud.com/img/image-20220712211124825.png)

#### 3.3.1逻辑非运算符 

逻辑非（NOT或!）运算符表示当给定的值为0时返回1；当给定的值为非0值时返回0；当给定的值为NULL时，返回NULL。

```sql
mysql> SELECT NOT 1, NOT 0, NOT(1+1), NOT !1, NOT NULL;
+-------+-------+----------+--------+----------+
| NOT 1 | NOT 0 | NOT(1+1) | NOT !1 | NOT NULL |
+-------+-------+----------+--------+----------+
|     0 |     1 |        0 |      1 |     NULL |
+-------+-------+----------+--------+----------+
1 row in set (0.00 sec)
```

```sql
SELECT last_name, job_id 
FROM employees 
WHERE job_id NOT IN ('IT_PROG', 'ST_CLERK', 'SA_REP');
```

#### 3.3.2逻辑与运算符 

逻辑与（AND或&&）运算符是当给定的所有值均为非0值，并且都不为NULL时，返回1；当给定的一个值或者多个值为0时则返回0；否则返回NULL。 

```sql
mysql> SELECT 1 AND -1, 0 AND 1, 0 AND NULL, NULL AND 0, 1 AND NULL;
+----------+---------+------------+------------+------------+
| 1 AND -1 | 0 AND 1 | 0 AND NULL | NULL AND 0 | 1 AND NULL |
+----------+---------+------------+------------+------------+
|        1 |       0 |          0 |          0 |       NULL |
+----------+---------+------------+------------+------------+
1 row in set (0.00 sec)
```

```sql
SELECT employee_id, last_name, job_id, salary 
FROM employees 
WHERE salary >=10000 
AND job_id LIKE '%MAN%';
```

#### 3.3.3逻辑或运算符 

逻辑或（OR或||）运算符是当给定的值都不为NULL，并且任何一个值为非0值时，则返回1，否则返回0；当一个值为NULL，并且另一个值为非0值时，返回1，否则返回NULL；当两个值都为NULL时，返回NULL。

```sql
mysql> SELECT 1 OR -1, 1 OR 0, 1 OR NULL, 0 || NULL, NULL || NULL;
+---------+--------+-----------+-----------+--------------+
| 1 OR -1 | 1 OR 0 | 1 OR NULL | 0 || NULL | NULL || NULL |
+---------+--------+-----------+-----------+--------------+
|       1 |      1 |         1 |      NULL |         NULL |
+---------+--------+-----------+-----------+--------------+
1 row in set (0.00 sec)
```

```sql
#查询基本薪资不在9000-12000之间的员工编号和基本薪资
SELECT job_id, salary
FROM employees
WHERE salary NOT BETWEEN 9000 AND 12000; 

SELECT employee_id, salary
FROM employees
WHERE NOT (salary >= 9000 AND salary <= 12000);

SELECT employee_id,salary 
FROM employees 
WHERE salary <9000 OR salary > 12000;
```

```sql
SELECT employee_id, last_name, job_id, salary 
FROM employees 
WHERE salary >= 10000
OR job_id LIKE '%MAN%';
```

> 注意：
>
> OR可以和AND一起使用，但是在使用时要注意两者的优先级，由于AND的优先级高于OR，因此先对AND两边的操作数进行操作，再与OR中的操作数结合。

#### 3.3.4逻辑异或运算符 

逻辑异或（XOR）运算符是当给定的值中任意一个值为NULL时，则返回NULL；如果两个非NULL的值都是0或者都不等于0时，则返回0；如果一个值为0，另一个值不为0时，则返回1。 （相同为0，相异为1）

```sql
mysql> SELECT 1 XOR -1, 1 XOR 0, 0 XOR 0, 1 XOR NULL, 1 XOR 1 XOR 1, 0 XOR 0 XOR 0, NULL XOR NULL;
+----------+---------+---------+------------+---------------+---------------+---------------+
| 1 XOR -1 | 1 XOR 0 | 0 XOR 0 | 1 XOR NULL | 1 XOR 1 XOR 1 | 0 XOR 0 XOR 0 | NULL XOR NULL |
+----------+---------+---------+------------+---------------+---------------+---------------+
|        0 |       1 |       0 |       NULL |             1 |             0 |          NULL |
+----------+---------+---------+------------+---------------+---------------+---------------+
1 row in set (0.00 sec)
```

```sql
select last_name,department_id,salary
from employees 
where department_id in (10,20) XOR salary > 8000;
```

### 3.4位运算符

位运算符是在二进制数上进行计算的运算符。位运算符会先将操作数变成二进制数，然后进行位运算，最后将计算结果从二进制变回十进制数。

MySQL支持的位运算符如下：

![image-20220712213618560](https://trpora-1300527744.cos.ap-chongqing.myqcloud.com/img/image-20220712213618560.png)

#### 3.4.1按位与运算符

 按位与（&）运算符将给定值对应的二进制数逐位进行逻辑与运算。当给定值对应的二进制位的数值都为1时，则该位返回1，否则返回0。

```sql
mysql> select 1 & 10, 20 & 30;
+--------+---------+
| 1 & 10 | 20 & 30 |
+--------+---------+
|      0 |      20 |
+--------+---------+
1 row in set (0.00 sec)
```

1的二进制数为0001，10的二进制数为1010，所以1 & 10的结果为0000，对应的十进制数为0。20的二进制数为10100，30的二进制数为11110，所以20 & 30的结果为10100，对应的十进制数为20。 

0001		10100		

1010		11110

0000		10100

#### 3.4.2按位或运算符 

按位或（|）运算符将给定的值对应的二进制数逐位进行逻辑或运算。当给定值对应的二进制位的数值有一个或两个为1时，则该位返回1，否则返回0。 

```sql
mysql> SELECT 1 | 10, 20 | 30;
+--------+---------+
| 1 | 10 | 20 | 30 | 
+--------+---------+
| 	  11 | 		30 | 
+--------+---------+
1 row in set (0.00 sec)
```

1的二进制数为0001，10的二进制数为1010，所以1 | 10的结果为1011，对应的十进制数为11。20的二进制数为10100，30的二进制数为11110，所以20 | 30的结果为11110，对应的十进制数为30。

0001		10100

1010		11110

1011		11110

#### 3.4.3按位异或运算符 

按位异或（^）运算符将给定的值对应的二进制数逐位进行逻辑异或运算。当给定值对应的二进制位的数值不同时，则该位返回1，否则返回0。 

```sql
mysql> SELECT 1 ^ 10, 20 ^ 30;
+--------+---------+
| 1 ^ 10 | 20 ^ 30 | 
+--------+---------+
|  	  11 | 		10 | 
+--------+---------+
1 row in set (0.00 sec)
```

1的二进制数为0001，10的二进制数为1010，所以1 ^ 10的结果为1011，对应的十进制数为11。20的二进制数为10100，30的二进制数为11110，所以20 ^ 30的结果为01010，对应的十进制数为10

0001		10100

1010		11110

1011		01010

![image-20220712214627106](https://trpora-1300527744.cos.ap-chongqing.myqcloud.com/img/image-20220712214627106.png)

#### 3.4.4按位取反运算符 

按位取反（~）运算符将给定的值的二进制数逐位进行取反操作，即将1变为0，将0变 为1。

```sql
mysql> SELECT 10 & ~1; 
+---------+
| 10 & ~1 | 
+---------+
| 	   10 | 
+---------+
1 row in set (0.00 sec)
```

于按位取反（~）运算符的优先级高于按位与（&）运算符的优先级，所以10 & ~1，首先，对数字1进行按位取反操作，结果除了最低位为0，其他位都为1，然后与10进行按位与操作，结果为10。 （与本身还是本身）

1 按位取反  0001 为 1000

#### 3.4.5按位右移运算符 

按位右移（>>）运算符将给定的值的二进制数的所有位右移指定的位数。右移指定的位数后，右边低位的数值被移出并丢弃，左边高位空出的位置用0补齐。

```sql
mysql> SELECT 1 >> 2, 4 >> 2; 
+--------+--------+
| 1 >> 2 | 4 >> 2 | 
+--------+--------+
|	   0 | 		1 | 
+--------+--------+
1 row in set (0.00 sec)
```

1的二进制数为0000 0001，右移2位为0000 0000，对应的十进制数为0。4的二进制数为0000 0100，右移2位为0000 0001，对应的十进制数为1。

#### 3.4.6按位左移运算符 

按位左移（<<）运算符将给定的值的二进制数的所有位左移指定的位数。左移指定的位数后，左边高位的数值被移出并丢弃，右边低位空出的位置用0补齐。

```sql
mysql> SELECT 1 << 2, 4 << 2; 
+--------+--------+
| 1 << 2 | 4 << 2 | 
+--------+--------+
| 	   4 | 	   16 | 
+--------+--------+
1 row in set (0.00 sec)
```

1的二进制数为0000 0001，左移两位为0000 0100，对应的十进制数为4。4的二进制数为0000 0100，左移两位为0001 0000，对应的十进制数为16

### 3.5运算符的优先级

![image-20220712215528764](https://trpora-1300527744.cos.ap-chongqing.myqcloud.com/img/image-20220712215528764.png)

数字编号越大，优先级越高，优先级高的运算符先进行计算。可以看到，赋值运算符的优先级最低，使用“()”括起来的表达式的优先级最高。

### 3.6拓展：使用正则表达式查询

正则表达式通常被用来检索或替换那些符合某个模式的文本内容，根据指定的匹配模式匹配文本中符合要求的特殊字符串。例如，从一个文本文件中提取电话号码，查找一篇文章中重复的单词或者替换用户输入的某些敏感词语等，这些地方都可以使用正则表达式。正则表达式强大而且灵活，可以应用于非常复杂的查询。

MySQL中使用REGEXP关键字指定正则表达式的字符匹配模式。下表列出了REGEXP操作符中常用字符匹配列表。

![image-20220712215901523](https://trpora-1300527744.cos.ap-chongqing.myqcloud.com/img/image-20220712215901523.png)

#### 3.6.1查询以特定字符或字符串开头的记录 

字符‘^’匹配以特定字符或者字符串开头的文本。

在fruits表中，查询f_name字段以字母‘b’开头的记录，SQL语句如下：

```sql
SELECT f_name 
FROM fruits
WHERE f_name REGEXP '^b';
```

#### 3.6.2查询以特定字符或字符串结尾的记录 

字符‘$’匹配以特定字符或者字符串结尾的文本。

在fruits表中，查询f_name字段以字母‘y’结尾的记录，SQL语句如下：

```sql
SELECT f_name 
FROM fruits
WHERE f_name REGEXP 'y$';
```

#### 3.6.3用符号"."来替代字符串中的任意一个字符

 字符‘.’匹配任意一个字符。 在fruits表中，查询f_name字段值

包含字母‘a’与‘g’且两个字母之间只有一个字母的记录，SQL语句如下：

```sql
SELECT f_name 
FROM fruits
WHERE f_name REGEXP 'a.g';
```

#### 3.6.4使用"\"和"+"来匹配多个字符 

星号‘’匹配前面的字符任意多次，包括0次。加号‘+’匹配前面的字符至少一次。

在fruits表中，查询f_name字段值以字母‘b’开头且‘b’后面出现字母‘a’的记录，SQL语句如下：

```sql
SELECT f_name 
FROM fruits
WHERE f_name REGEXP '^ba';
```

在fruits表中，查询f_name字段值以字母‘b’开头且‘b’后面出现字母‘a’至少一次的记录，SQL语句如下：

```sql
SELECT  
FROM fruits
WHERE f_name REGEXP '^ba+';
```

#### 3.6.5匹配指定字符串 

正则表达式可以匹配指定字符串，只要这个字符串在查询文本中即可，如要匹配多个字符串，多个字符串之间使用分隔符‘|’隔开。

在fruits表中，查询f_name字段值包含字符串“on”的记录，SQL语句如下：

```sql
SELECT f_name 
FROM fruits
WHERE f_name REGEXP 'on';
```

在fruits表中，查询f_name字段值包含字符串“on”或者“ap”的记录，SQL语句如下：

```sql
SELECT f_name 
FROM fruits
WHERE f_name REGEXP 'on|ap';
```

之前介绍过，LIKE运算符也可以匹配指定的字符串，但与REGEXP不同，LIKE匹配的字符串如果在文本中间出现，则找不到它，相应的行也不会返回。REGEXP在文本内进行匹配，如果被匹配的字符串在文本中出现，REGEXP将会找到它，相应的行也会被返回。对比结果如下所示。

在fruits表中，使用LIKE运算符查询f_name字段值为“on”的记录，SQL语句如下：

```sql
SELECT  FROM fruits WHERE f_name like 'on';
```

#### 3.6.6匹配指定字符中的任意一个 

方括号“[]”指定一个字符集合，只匹配其中任何一个字符，即为所查找的文本。

在fruits表中，查找f_name字段中包含字母‘o’或者‘t’的记录，SQL语句如下：

```sql
SELECT f_name 
FROM fruits
WHERE f_name REGEXP '[ot]';
```

在fruits表中，查询s_id字段中包含4、5或者6的记录，SQL语句如下：

```sql
SELECT s_id 
FROM fruits
WHERE s_id REGEXP '[456]';
```

#### 3.6.7匹配指定字符以外的字符 [ ^ 字符集合]

匹配不在指定集合中的任何字符。

在fruits表中，查询f_id字段中包含字母a~e和数字1~2以外字符的记录，SQL语句如下：

```sql
SELECT  FROM fruits WHERE f_id REGEXP '[^a-e1-2]';
```

#### 3.6.8使用{n,}或者{n,m}来指定字符串连续出现的次数 

“字符串{n,}”表示至少匹配n次前面的字符；“字符串{n,m}”表示匹配前面的字符串不少于n次，不多于m次。例如，a{2,}表示字母a连续出现至少2次，也可以大于2次；a{2,4}表示字母a连续出现最少2次，最多不能超过4次。

在fruits表中，查询f_name字段值出现字母‘x’至少2次的记录，SQL语句如下：

```sql
 SELECT  FROM fruits WHERE f_name REGEXP 'x{2,}';
```

在fruits表中，查询f_name字段值出现字符串“ba”最少1次、最多3次的记录，SQL语句如下：

```sql
 SELECT  FROM fruits WHERE f_name REGEXP 'ba{1,3}';
```

## 第4章_排序与分页

### 4.1排序数据

#### 4.1.1 排序规则

使用 ORDER BY 子句排序

ASC（ascend）: 升序

DESC（descend）:降序

ORDER BY 子句在SELECT语句的结尾。

#### 4.1.2 单列排序 

```sql
SELECT last_name, job_id, department_id, hire_date
FROM employees
ORDER BY hire_date;
```

```sql
SELECT last_name, job_id, department_id, hire_date
FROM employees
ORDER BY hire_date DESC;
```

#### 4.1.3 多列排序

salary升序，当salary相同时，对department_id进行降序排列

```sql
SELECT last_name, department_id, salary
FROM employees
ORDER BY salary, department_id DESC;
```

* 可以使用不在SELECT列表中的列排序。

* 在对多列进行排序的时候，首先排序的第一列必须有相同的列值，才会对第二列进行排序。如果第一列数据中所有值都是唯一的，将不再对第二列进行排序。

### 4.2分页

#### 4.2.1 背景

背景1：查询返回的记录太多了，查看起来很不方便，怎么样能够实现分页查询呢？

背景2：表里有 4 条数据，我们只想要显示第 2、3 条数据怎么办呢？

#### 4.2.2 实现规则

分页原理:

​	所谓分页显示，就是将数据库中的结果集，一段一段显示出来需要的条件。

​	MySQL中使用 LIMIT 实现分页

* 格式：

```sql
LIMIT [偏移量,] 行数
```

第一个“位置偏移量”参数指示MySQL从哪一行开始显示，是一个可选参数，如果不指定“位置偏移量”，将会从表中的第一条记录开始（第一条记录的位置偏移量是0，第二条记录的位置偏移量是1，以此类推）；第二个参数“行数”指示返回的记录条数。

* 举例

```sql
--前10条记录： SELECT  FROM 表名 LIMIT 0,10;
或者
SELECT  FROM 表名 LIMIT 10;
--第11至20条记录： SELECT  FROM 表名 LIMIT 10,10;
--第21至30条记录： SELECT  FROM 表名 LIMIT 20,10;
```

> MySQL 8.0中可以使用“LIMIT 3 OFFSET 4”，意思是获取从第5条记录开始后面的3条记录，和“LIMIT 4,3;”返回的结果相同。

* 分页显式公式：（当前页数-1）每页条数，每页条数

```sql
SELECT  FROM table LIMIT(PageNo - 1)PageSize,PageSize;
```

* 注意：LIMIT 子句必须放在整个SELECT语句的最后！

* 使用 LIMIT 的好处

约束返回结果的数量可以 减少数据表的网络传输量 ，也可以 提升查询效率 。如果我们知道返回结果只有1 条，就可以使用 LIMIT 1 ，告诉 SELECT 语句只需要返回一条记录即可。这样的好处就是 SELECT 不需要扫描完整的表，只需要检索到一条符合条件的记录即可返回。

#### 4.2.3 拓展

在不同的 DBMS 中使用的关键字可能不同。在 MySQL、PostgreSQL、MariaDB 和 SQLite 中使用 LIMIT 关键字，而且需要放到 SELECT 语句的最后面。

* 如果是 SQL Server 和 Access，需要使用 TOP 关键字，比如：

```sql
SELECT TOP 5 name, hp_max FROM heros ORDER BY hp_max DESC
```

* 如果是 DB2，使用 FETCH FIRST 5 ROWS ONLY 这样的关键字：

```sql
SELECT name, hp_max FROM heros ORDER BY hp_max DESC FETCH FIRST 5 ROWS ONLY
```

* 如果是 Oracle，你需要基于 ROWNUM 来统计行数：

```sql
SELECT rownum,last_name,salary FROM employees WHERE rownum < 5 ORDER BY salary DESC;
```

需要说明的是，这条语句是先取出来前 5 条数据行，然后再按照 hp_max 从高到低的顺序进行排序。但这样产生的结果和上述方法的并不一样。我会在后面讲到子查询，你可以使用

```sql
SELECT rownum, last_name,salary 
FROM (
    SELECT last_name,salary 
    FROM employees
    ORDER BY salary DESC)
WHERE rownum < 10;
```

## 第5章_多表查询

多表查询，也称为关联查询，指两个或更多个表一起完成查询操作。

前提条件：这些一起查询的表之间是有关系的（一对一、一对多），它们之间一定是有关联字段，这个关联字段可能建立了外键，也可能没有建立外键。比如：员工表和部门表，这两个表依靠“部门编号”进行关联。

笛卡尔积（或交叉连接）的理解

笛卡尔乘积是一个数学运算。假设我有两个集合 X 和 Y，那么 X 和 Y 的笛卡尔积就是 X 和 Y 的所有可能组合，也就是第一个对象来自于 X，第二个对象来自于 Y 的所有可能。组合的个数即为两个集合中元素个数的乘积数。

![image-20220713102138987](https://trpora-1300527744.cos.ap-chongqing.myqcloud.com/img/image-20220713102138987.png)

### 5.1多表查询分类讲解

#### 5.1.1 等值连接 vs 非等值连接 

##### 等值连接

![image-20220713102851249](https://trpora-1300527744.cos.ap-chongqing.myqcloud.com/img/image-20220713102851249.png)

```sql
SELECT employees.employee_id, employees.last_name, employees.department_id, departments.department_id, departments.location_id 
FROM employees, departments 
WHERE employees.department_id = departments.department_id;
```

拓展1：多个连接条件与 AND 操作符

拓展2：区分重复的列名

* 多个表中有相同列时，必须在列名之前加上表名前缀。

* 在不同表中具有相同列名的列可以用 表名 加以区分

```sql
SELECT employees.last_name, departments.department_name,employees.department_id 
FROM employees, departments 
WHERE employees.department_id = departments.department_id;
```

拓展3：表的别名

* 使用别名可以简化查询。

* 列名前使用表名前缀可以提高查询效率。

```sql
SELECT e.last_name, d.department_name,e.department_id 
FROM employees e, departments d 
WHERE e.department_id = d.department_id;
```

> 需要注意的是，如果我们使用了表的别名，在查询字段中、过滤条件中就只能使用别名进行代替，
>
> 不能使用原有的表名，否则就会报错。

> 阿里开发规范 ： 
>
> 【 强制 】对于数据库中表记录的查询和变更，只要涉及多个表，都需要在列名前加表的别名（或表名）进行限定。
>
> 说明 ：对多表进行查询记录、更新记录、删除记录时，如果对操作列没有限定表的别名（或表名），并且操作列在多个表中存在时，就会抛异常。
>
> 正例 ：select t1.name from table_first as t1 , table_second as t2 where t1.id=t2.id; 
>
> 反例 ：在某业务中，由于多表关联查询语句没有加表的别名（或表名）的限制，正常运行两年后，最近在 某个表中增加一个同名字段，在预发布环境做数据库变更后，线上查询语句出现出1052 异常：Column 'name' in field list is ambiguous。

拓展4：连接多个表

![image-20220713103535589](https://trpora-1300527744.cos.ap-chongqing.myqcloud.com/img/image-20220713103535589.png)

总结：连接 n个表,至少需要n-1个连接条件。比如，连接三个表，至少需要两个连接条件。

练习：查询出公司员工的 last_name,department_name, city 

```sql
SELECT e.last_name, d.department_name,l.city
FROM employees e, departments d, locations l
WHERE e.`department_id` = d.`department_id` AND d.`location_id` = l.`location_id`;
```

##### 非等值连接

![image-20220713104022195](https://trpora-1300527744.cos.ap-chongqing.myqcloud.com/img/image-20220713104022195.png)

```sql
SELECT e.last_name, e.salary, j.grade_level 
FROM employees e, job_grades j 
WHERE e.salary BETWEEN j.lowest_sal AND j.highest_sal;
```

#### 5.1.2 自连接 vs 非自连接 

![image-20220713134644595](https://trpora-1300527744.cos.ap-chongqing.myqcloud.com/img/image-20220713134644595.png)

当table1和table2本质上是同一张表，只是用取别名的方式虚拟成两张表以代表不同的意义。然后两个表再进行内连接，外连接等查询。

题目：查询employees表，返回“Xxx works for Xxx”

#练习：查询员工id,员工姓名及其管理者的id和姓名

```sql
SELECT emp.employee_id, emp.last_name, mgr.employee_id managerId, mgr.last_name managerName
FROM employees emp, employees mgr
WHERE emp.`manager_id` = mgr.`employee_id`;
```

练习：查询出last_name为 ‘Chen’ 的员工的 manager 的信息。

```sql
SELECT emp.employee_id, emp.last_name, mgr.employee_id managerId, mgr.last_name managerName
FROM employees emp, employees mgr
WHERE emp.`last_name` = "Chen";
```

#### 5.1.3 内连接 vs 外连接

除了查询满足条件的记录以外，外连接还可以查询某一方不满足条件的记录。

![image-20220713142023235](https://trpora-1300527744.cos.ap-chongqing.myqcloud.com/img/image-20220713142023235.png)

* 内连接: 合并具有同一列的两个以上的表的行, 结果集中不包含一个表与另一个表不匹配的行

* 外连接: 两个表在连接过程中除了返回满足连接条件的行以外还返回左（或右）表中不满足条件的行 ，这种连接称为左（或右） 外连接。没有匹配的行时, 结果表中相应的列为空(NULL)。

* 如果是左外连接，则连接条件中左边的表也称为 主表 ，右边的表称为 从表 。

* 如果是右外连接，则连接条件中右边的表也称为 主表 ，左边的表称为 从表 。

SQL92：使用(+)创建连接 在 SQL92 中采用（+）代表从表所在的位置。即左或右外连接中，(+) 表示哪个是从表。

Oracle 对 SQL92 支持较好，而 MySQL 则不支持 SQL92 的外连接。

```sql
#左外连接 
SELECT last_name,department_name 
FROM employees ,departments 
WHERE employees.department_id = departments.department_id(+); 
#右外连接 
SELECT last_name,department_name 
FROM employees ,departments 
WHERE employees.department_id(+) = departments.department_id;
```

而且在 SQL92 中，只有左外连接和右外连接，没有满（或全）外连接。

### 5.2 SQL99语法实现多表查询

#### 5.2.1 基本语法

使用JOIN...ON子句创建连接的语法结构：

```sql
SELECT table1.column, table2.column,table3.column
FROM table1 
JOIN table2 ON table1 和 table2 的连接条件 
JOIN table3 ON table2 和 table3 的连接条件
```

语法说明：

*  可以使用 ON 子句指定额外的连接条件。

* 这个连接条件是与其它条件分开的。

* ON 子句使语句具有更高的易读性。

* 关键字 JOIN、INNER JOIN、CROSS JOIN 的含义是一样的，都表示内连接

#### 5.2.2 内连接(INNER JOIN)的实现

语法:

```sql
SELECT 字段列表
FROM A表 
INNER JOIN B表 ON 关联条件 
WHERE 等其他子句;
```

```sql
SELECT e.employee_id, e.last_name, e.department_id, d.department_id, d.location_id 
FROM employees e 
JOIN departments d ON (e.department_id = d.department_id);
```

```sql
SELECT employee_id, city, department_name 
FROM employees e 
JOIN departments d ON d.department_id = e.department_id 
JOIN locations l ON d.location_id = l.location_id;
```

#### 5.2.3 外连接(OUTER JOIN)的实现 

##### 1 左外连接(LEFT OUTER JOIN)

语法：

```sql
#实现查询结果是A 
SELECT 字段列表 
FROM A表 LEFT JOIN B表 
ON 关联条件
WHERE 等其他子句;
```



```sql
SELECT e.last_name, e.department_id,d.department_name
FROM employees e
LEFT OUTER JOIN departments d
ON (e.`department_id` = d.`department_id`);
```

![image-20220713145201611](https://trpora-1300527744.cos.ap-chongqing.myqcloud.com/img/image-20220713145201611.png)

##### 2 右外连接(RIGHT OUTER JOIN)

语法：

```sql
#实现查询结果是B 
SELECT 字段列表 
FROM A表 RIGHT JOIN B表 
ON 关联条件 
WHERE 等其他子句;
```

```sql
SELECT e.last_name, e.department_id,d.department_name
FROM employees e
RIGHT OUTER JOIN departments d
ON (e.`department_id` = d.`department_id`);
```

![image-20220713145552235](https://trpora-1300527744.cos.ap-chongqing.myqcloud.com/img/image-20220713145552235.png)

> 需要注意的是，LEFT JOIN 和 RIGHT JOIN 只存在于 SQL99 及以后的标准中，在 SQL92 中不存在，只能用 (+) 表示。

##### 3 满外连接(FULL OUTER JOIN)

* 满外连接的结果 = 左右表匹配的数据 + 左表没有匹配到的数据 + 右表没有匹配到的数据。

* SQL99是支持满外连接的。使用FULL JOIN 或 FULL OUTER JOIN来实现。

* 需要注意的是，MySQL不支持FULL JOIN，但是可以用 LEFT JOIN UNION RIGHT join代替。

### 5.3 UNION的使用

合并查询结果 利用UNION关键字，可以给出多条SELECT语句，并将它们的结果组合成单个结果集。合并时，两个表对应的列数和数据类型必须相同，并且相互对应。各个SELECT语句之间使用UNION或UNION ALL关键字分隔。

语法格式:

```sql
SELECT column,... FROM table1 
UNION [ALL] 
SELECT column,... FROM table2
```

UNION操作符

![image-20220713150128818](https://trpora-1300527744.cos.ap-chongqing.myqcloud.com/img/image-20220713150128818.png)

UNION ALL操作符

![image-20220713150219452](https://trpora-1300527744.cos.ap-chongqing.myqcloud.com/img/image-20220713150219452.png)

> 注意：执行UNION ALL语句时所需要的资源比UNION语句少。如果明确知道合并数据后的结果数据不存在重复数据，或者不需要去除重复的数据，则尽量使用UNION ALL语句，以提高数据查询的效率。

举例：查询部门编号>90或邮箱包含a的员工信息

```sql
# 方式一
SELECT  
FROM employees e
WHERE e.`department_id` > 90 OR e.`email` LIKE '%a%';
```

````sql
# 方式二
SELECT  FROM employees e WHERE e.`department_id` > 90
UNION
SELECT  FROM employees e WHERE e.`email` LIKE '%a%';
````

举例：查询中国用户中男性的信息以及美国用户中年男性的用户信息

```sql
SELECT id,cname FROM t_chinamale WHERE csex='男' 
UNION ALL 
SELECT id,tname FROM t_usmale WHERE tGender='male';
```

### 5.4 7种SQL JOINS的实现

![image-20220713151204416](https://trpora-1300527744.cos.ap-chongqing.myqcloud.com/img/image-20220713151204416.png)

代码实现 :

```sql
#中图：内连接 A∩B
SELECT e.`last_name`,e.`employee_id`,d.`department_name`
FROM employees e JOIN departments d
ON e.`department_id` = d.`department_id`;
```

```sql
#左上图：左外连接
SELECT employee_id,last_name,department_name 
FROM employees e LEFT JOIN departments d 
ON e.`department_id` = d.`department_id`;
```

```sql
#右上图：右外连接 
SELECT employee_id,last_name,department_name
FROM employees e RIGHT JOIN departments d 
ON e.`department_id` = d.`department_id`;
```

```sql
#左中图：A - A∩B 
SELECT employee_id,last_name,department_name 
FROM employees e LEFT JOIN departments d 
ON e.`department_id` = d.`department_id` 
WHERE d.`department_id` IS NULL
```

```sql
#右中图：B-A∩B 
SELECT employee_id,last_name,department_name 
FROM employees e RIGHT JOIN departments d 
ON e.`department_id` = d.`department_id` 
WHERE e.`department_id` IS NULL
```

```sql
#左下图：满外连接 # 左中图 + 右上图 A∪B 
SELECT employee_id,last_name,department_name 
FROM employees e LEFT JOIN departments d 
ON e.`department_id` = d.`department_id` 
WHERE d.`department_id` IS NULL 
UNION ALL #没有去重操作，效率高
SELECT employee_id,last_name,department_name 
FROM employees e RIGHT JOIN departments d 
ON e.`department_id` = d.`department_id`;
```

```sql
#右下图 #左中图 + 右中图 A ∪B- A∩B 或者 (A - A∩B) ∪ （B - A∩B）
SELECT employee_id,last_name,department_name 
FROM employees e LEFT JOIN departments d 
ON e.`department_id` = d.`department_id` 
WHERE d.`department_id` IS NULL 
UNION ALL 
SELECT employee_id,last_name,department_name 
FROM employees e RIGHT JOIN departments d 
ON e.`department_id` = d.`department_id` 
WHERE e.`department_id` IS NULL
```

语法格式小结

* 左中图

```sql
#实现A - A∩B 
select 字段列表
from A表 left join B表
on 关联条件 
where 从表关联字段 is null and 等其他子句;
```

* 右中图

```sql
#实现B - A∩B 
select 字段列表
from A表 right join B表 
on 关联条件 
where 从表关联字段 is null and 等其他子句;
```

* 左下图

```sql
#实现查询结果是A∪B #用左外的A，union 右外的B 
select 字段列表
from A表 left join B表 
on 关联条件 
where 等其他子句

union 

select 字段列表
from A表 right join B表 
on 关联条件 
where 等其他子句;
```

* 右下图

```sql
#实现A∪B - A∩B 或 (A - A∩B) ∪ （B - A∩B） #使用左外的 (A - A∩B) union 右外的（B - A∩B） 
select 字段列表
from A表 left join B表
on 关联条件 
where 从表关联字段 is null and 等其他子句 

union 

select 字段列表
from A表 right join B表 
on 关联条件 
where 从表关联字段 is null and 等其他子句
```

### 5.5 SQL99语法新特性

#### 5.5.1 自然连接 

SQL99 在 SQL92 的基础上提供了一些特殊语法，比如 NATURAL JOIN 用来表示自然连接。我们可以把自然连接理解为 SQL92 中的等值连接。它会帮你自动查询两张连接表中 所有相同的字段 ，然后进行 等值 连接 。 

在SQL92标准中：

```sql
SELECT employee_id,last_name,department_name
FROM employees e JOIN departments d
ON e.`department_id` = d.`department_id` AND e.`manager_id` = d.`manager_id`;
```

在 SQL99 中你可以写成：

```sql
SELECT employee_id,last_name,department_name 
FROM employees e 
NATURAL JOIN departments d;
```

#### 5.5.2 USING连接

当我们进行连接的时候，SQL99还支持使用 USING 指定数据表里的 同名字段 进行等值连接。但是只能配合JOIN一起使用。比如：

```sql
SELECT e.`employee_id`, e.`last_name`, d.`department_id`
FROM employees e JOIN departments d
USING (department_id)
```

你能看出与自然连接 NATURAL JOIN 不同的是，USING 指定了具体的相同的字段名称，你需要在 USING的括号 () 中填入要指定的同名字段。同时使用 JOIN...USING 可以简化 JOIN ON 的等值连接。它与下面的 SQL 查询结果是相同的：

```sql
SELECT employee_id,last_name,department_name 
FROM employees e ,departments d 
WHERE e.department_id = d.department_id;
```

### 5.6章节小结

表连接的约束条件可以有三种方式：WHERE, ON, USING 

* WHERE：适用于所有关联查询

* ON ：只能和JOIN一起使用，只能写关联条件。虽然关联条件可以并到WHERE中和其他条件一起写，但分开写可读性更好。

* USING：只能和JOIN一起使用，而且要求两个关联字段在关联表中名称一致，而且只能表示关联字段值相等

```sql
#关联条件 #把关联条件写在where后面 
SELECT last_name,department_name 
FROM employees,departments 
WHERE employees.department_id = departments.department_id; 

#把关联条件写在on后面，只能和JOIN一起使用 
SELECT last_name,department_name 
FROM employees INNER JOIN departments 
ON employees.department_id = departments.department_id; 

SELECT last_name,department_name 
FROM employees CROSS JOIN departments 
ON employees.department_id = departments.department_id;

SELECT last_name,department_name 
FROM employees JOIN departments 
ON employees.department_id = departments.department_id; 

#把关联字段写在using()中，只能和JOIN一起使用 
#而且两个表中的关联字段必须名称相同，而且只能表示= 
#查询员工姓名与基本工资 
SELECT last_name,job_title 
FROM employees INNER JOIN jobs 
USING(job_id)

#n张表关联，需要n-1个关联条件 
#查询员工姓名，基本工资，部门名称 
SELECT last_name,job_title,department_name 
FROM employees,departments,jobs
WHERE employees.department_id = departments.department_id 
AND employees.job_id = jobs.job_id; 

SELECT last_name,job_title,department_name 
FROM employees INNER JOIN departments INNER JOIN jobs 
ON employees.department_id = departments.department_id
AND employees.job_id = jobs.job_id;
```

注意：

我们要 控制连接表的数量 。多表连接就相当于嵌套 for 循环一样，非常消耗资源，会让 SQL 查询性能下降得很严重，因此不要连接不必要的表。在许多 DBMS 中，也都会有最大连接表的限制。

> 【强制】超过三个表禁止 join。需要 join 的字段，数据类型保持绝对一致；多表关联查询时， 保证被关联的字段需要有索引。
>
> 说明：即使双表 join 也要注意表索引、SQL 性能。

## 第6章_单行函数

### 6.1函数的理解

#### 6.1.1 什么是函数

函数在计算机语言的使用中贯穿始终，函数的作用是什么呢？它可以把我们经常使用的代码封装起来，需要的时候直接调用即可。这样既 提高了代码效率 ，又提高了可维护性 。在 SQL 中我们也可以使用函数对检索出来的数据进行函数操作。使用这些函数，可以极大地 提高用户对数据库的管理效率 。

![image-20220713155819656](https://trpora-1300527744.cos.ap-chongqing.myqcloud.com/img/image-20220713155819656.png)

从函数定义的角度出发，我们可以将函数分成 内置函数 和 自定义函数 。在 SQL 语言中，同样也包括了内置函数和自定义函数。内置函数是系统内置的通用函数，而自定义函数是我们根据自己的需要编写的，本章及下一章讲解的是 SQL 的内置函数。

#### 6.1.2 不同DBMS函数的差异

我们在使用 SQL 语言的时候，不是直接和这门语言打交道，而是通过它使用不同的数据库软件，即DBMS。DBMS 之间的差异性很大，远大于同一个语言不同版本之间的差异。实际上，只有很少的函数是被 DBMS 同时支持的。比如，大多数 DBMS 使用（||）或者（+）来做拼接符，而在 MySQL 中的字符串拼接函数为concat()。大部分 DBMS 会有自己特定的函数，这就意味着采用 SQL 函数的代码可移植性是很差的，因此在使用函数的时候需要特别注意。

#### 6.1.3 MySQL的内置函数及分类 

MySQL提供了丰富的内置函数，这些函数使得数据的维护与管理更加方便，能够更好地提供数据的分析与统计功能，在一定程度上提高了开发人员进行数据分析与统计的效率。MySQL提供的内置函数从 实现的功能角度 可以分为数值函数、字符串函数、日期和时间函数、流程控制函数、加密与解密函数、获取MySQL信息函数、聚合函数等。这里，我将这些丰富的内置函数再分为两类： 单行函数 、 聚合函数（或分组函数） 。

![image-20220713160701468](https://trpora-1300527744.cos.ap-chongqing.myqcloud.com/img/image-20220713160701468.png)

单行函数

* 操作数据对象

* 接受参数返回一个结果

* 只对一行进行变换

* 每行返回一个结果

* 可以嵌套

* 参数可以是一列或一个值

### 6.2数值函数

#### 6.2.1 基本函数

| 函数                  | 用法                                                         |
| --------------------- | ------------------------------------------------------------ |
| ABS(x)                | 返回x的绝对值                                                |
| SIGN(x)               | 返回x的符号。正数返回1，负数返回-1，0返回0                   |
| PI()                  | 返回圆周率的值                                               |
| CEIL(x), CEILING(x)   | 返回大于或等于某个值的最小整数                               |
| FLOOR(x)              | 返回大于或等于某个值的最大整数                               |
| LEAST(e1,e2,e3...)    | 返回列表中的最小值                                           |
| GREATEST(e1,e2,e3...) | 返回列表中的最大值                                           |
| MOD(x,y)              | 返回x除以y后的余数                                           |
| RAND()                | 返回0~1的随机值                                              |
| RAND(x)               | 返回0~1的随机值，其中x的值用作种子值，相同的X值会产生相同的随机数 |
| ROUND(x)              | 返回一个对x的值进行四舍五入后，最接近于X的整数               |
| ROUND(x,y)            | 返回一个对x的值进行四舍五入后最接近X的值，并保留到小数点后面Y位 |
| TRUNCATE(x,y)         | 返回数字x截断为y位小数的结果                                 |
| SQRT(x)               | 返回x的平方根。当X的值为负数时，返回NULL                     |

举例：

```sql
mysql> SELECT ABS(-123),ABS(32),SIGN(-23),SIGN(43),PI(),CEIL(32.32),CEILING(-43.23),FLOOR(32.32), FLOOR(-43.23),MOD(12,5) FROM DUAL;
+-----------+---------+-----------+----------+----------+-------------+-----------------+--------------+---------------+-----------+
| ABS(-123) | ABS(32) | SIGN(-23) | SIGN(43) | PI()     | CEIL(32.32) | CEILING(-43.23) | FLOOR(32.32) | FLOOR(-43.23) | MOD(12,5) |
+-----------+---------+-----------+----------+----------+-------------+-----------------+--------------+---------------+-----------+
|       123 |      32 |        -1 |        1 | 3.141593 |          33 |             -43 |           32 |           -44 |         2 |
+-----------+---------+-----------+----------+----------+-------------+-----------------+--------------+---------------+-----------+
1 row in set (0.00 sec)
```

![image-20220713162834310](https://trpora-1300527744.cos.ap-chongqing.myqcloud.com/img/image-20220713162834310.png)

```sql
SELECT RAND(),RAND(),RAND(10),RAND(10),RAND(-1),RAND(-1) FROM DUAL;
```

![image-20220713163135567](https://trpora-1300527744.cos.ap-chongqing.myqcloud.com/img/image-20220713163135567.png)

```sql
SELECT ROUND(12.33),ROUND(12.343,2),ROUND(12.324,-1),TRUNCATE(12.66,1),TRUNCATE(12.66,-1) FROM DUAL;
```

![image-20220713163301671](https://trpora-1300527744.cos.ap-chongqing.myqcloud.com/img/image-20220713163301671.png)

#### 6.2.2 角度与弧度互换函数 

| 函数       | 用法                                  |
| ---------- | ------------------------------------- |
| RADIANS(x) | 将角度转化为弧度，其中，参数x为角度值 |
| DEGREES(x) | 将弧度转化为角度，其中，参数x为弧度值 |

```sql
SELECT RADIANS(30),RADIANS(60),RADIANS(90),DEGREES(2*PI()),DEGREES(RADIANS(90))FROM DUAL;
```

![image-20220713185020188](https://trpora-1300527744.cos.ap-chongqing.myqcloud.com/img/image-20220713185020188.png)

2.3 三角函数

| 函数       | 用法                                                         |
| ---------- | ------------------------------------------------------------ |
| SIN(x)     | 返回x的正弦值，其中，参数x为弧度值                           |
| ASIN(x)    | 返回x的反正弦值，即获取正弦为x的值。如果x的值不在-1到1之间，则返回NULL |
| COS(x)     | 返回x的余弦值，其中，参数x为弧度值                           |
| ACOS(x)    | 返回x的反余弦值，即获取余弦为x的值。如果x的值不在-1到1之间，则返回NULL |
| TAN(x)     | 返回x的正切值，其中，参数x为弧度值                           |
| ATAN(x)    | 返回x的反正切值，即返回正切值为x的值                         |
| ATAN2(m,n) | 返回两个参数的反正切值                                       |
| COT(x)     | 返回x的余切值，其中，X为弧度值                               |

 2.4 指数与对数

| 函数          | 用法                                                 |
| ------------- | ---------------------------------------------------- |
| POW(x,y)，    | POWER(X,Y) 返回x的y次方                              |
| EXP(X)        | 返回e的X次方，其中e是一个常数，2.718281828459045     |
| LN(X)，LOG(X) | 返回以e为底的X的对数，当X <= 0 时，返回的结果为NULL  |
| LOG10(X)      | 返回以10为底的X的对数，当X <= 0 时，返回的结果为NULL |
| LOG2(X)       | 返回以2为底的X的对数，当X <= 0 时，返回NULL          |

2.5 进制间的转换

![image-20220713190725780](https://trpora-1300527744.cos.ap-chongqing.myqcloud.com/img/image-20220713190725780.png)

 ```sql
mysql> SELECT BIN(10),HEX(10),OCT(10),CONV(10,2,8);
+---------+---------+---------+--------------+
| BIN(10) | HEX(10) | OCT(10) | CONV(10,2,8) |
+---------+---------+---------+--------------+
| 1010    | A       | 12      | 2            |
+---------+---------+---------+--------------+
1 row in set (0.01 sec)
 ```

3. 字符串函数

![image-20220713190747434](https://trpora-1300527744.cos.ap-chongqing.myqcloud.com/img/image-20220713190747434.png)

![image-20220713190824141](https://trpora-1300527744.cos.ap-chongqing.myqcloud.com/img/image-20220713190824141.png)

![image-20220713190950219](https://trpora-1300527744.cos.ap-chongqing.myqcloud.com/img/image-20220713190950219.png)

## 第7章_聚合函数

### 7.1. 聚合函数介绍

* 什么是聚合函数
  聚合函数作用于一组数据，并对一组数据返回一个值。

* 聚合函数类型
  * AVG()
  * SUM()
  * MAX()
  * MIN()
  * COUNT()

* 聚合函数不能嵌套调用。比如不能出现类似“AVG(SUM(字段名称))”形式的调用。

#### 7.1.1 AVG和SUM函数

可以对数值型数据使用AVG 和 SUM 函数。

```sql
SELECT AVG(salary), MAX(salary), MIN(salary),SUM(salary)
FROM employees
WHERE job_id LIKE '%REP%';
```

#### 7.1.2 MIN和MAX函数

可以对==任意数据==类型的数据使用 MIN 和 MAX 函数。

```sql
SELECT MIN(hire_date), MAX(hire_date)
FROM employees;
```

#### 7.1.3 COUNT函数

* COUNT(*)返回表中记录总数，适用于==任意数据类型==。

```sql
SELECT COUNT(*)
FROM employees
WHERE department_id = 50;
```

* COUNT(expr) 返回==expr不为空==的记录总数。

```sql
SELECT COUNT(commission_pct)
FROM employees
WHERE department_id = 50;
```

### ![image-20220713210849833](https://trpora-1300527744.cos.ap-chongqing.myqcloud.com/img/image-20220713210849833.png)7.2 GROUP BY

#### 7.2.1 基本使用

可以使用GROUP BY子句将表中的数据分成若干组

```sql
SELECT column, group_function(column)
FROM table
[WHERE condition]
[GROUP BY group_by_expression]
[ORDER BY column];
```

> 明确：WHERE一定放在FROM后面

在SELECT列表中所有未包含在组函数中的列都应该包含在 GROUP BY子句中包含

```sql
SELECT department_id, AVG(salary)
FROM employees
GROUP BY department_id ;
```

![image-20220713212443846](https://trpora-1300527744.cos.ap-chongqing.myqcloud.com/img/image-20220713212443846.png)

包含在 GROUP BY 子句中的列不必包含在SELECT 列表中

```sql
SELECT AVG(salary)
FROM employees
GROUP BY department_id ;
```

#### 7.2.2 使用多个列分组

![image-20220713212936352](https://trpora-1300527744.cos.ap-chongqing.myqcloud.com/img/image-20220713212936352.png)

```sql
SELECT department_id dept_id, job_id, SUM(salary)
FROM employees
GROUP BY department_id, job_id ;
```

#### 7.2.3 GROUP BY中使用WITH ROLLUP

使用==WITH ROLLUP== 关键字之后，在所有查询出的分组记录之后增加一条记录，该记录计算查询出的所
有记录的总和，即统计记录数量。

```sql
SELECT department_id, AVG(salary)
FROM employees
WHERE department_id > 80
GROUP BY department_id WITH ROLLUP;
```

![image-20220713213701454](https://trpora-1300527744.cos.ap-chongqing.myqcloud.com/img/image-20220713213701454.png)

> 注意：
> 当使用ROLLUP时，不能同时使用ORDER BY子句进行结果排序，即<span style="color:red;">ROLLUP和ORDER BY</span>是互相排斥的。

### 7.3 HAVING

#### 7.3.1基本使用

过滤分组：HAVING子句
1. 行已经被分组。
2. 使用了聚合函数。
3. 满足HAVING 子句中条件的分组将被显示。
4. **HAVING 不能单独使用，必须要跟 GROUP BY 一起使用。**

```sql
SELECT department_id, MAX(salary)
FROM employees
GROUP BY department_id
HAVING MAX(salary)>10000 ;
```

* **<span style="color:#880000;">非法使用聚合函数 ： 不能在 WHERE 子句中使用聚合函数。</span>**如下：

```sql
SELECT department_id, AVG(salary)
FROM employees
WHERE AVG(salary) > 8000
GROUP BY department_id;
```

> 查询：SELECT department_id, AVG(salary) FROM employees WHERE AVG(salary) > 8000 GROUP BYdepartment_id LIMIT 0, 1000错误代码： 1111
> Invalid use of group function

3.2 WHERE和HAVING的对比

<span style="color: #880000;font-weight: bold;">区别1：WHERE 可以直接使用表中的字段作为筛选条件，但不能使用分组中的计算函数作为筛选条件；
HAVING 必须要与 GROUP BY 配合使用，可以把分组计算的函数和分组字段作为筛选条件。</span>

这决定了，在需要对数据进行分组统计的时候，HAVING 可以完成 WHERE 不能完成的任务。这是因为，在查询语法结构中，WHERE 在 GROUP BY 之前，所以无法对分组结果进行筛选。HAVING 在 GROUP BY 之后，可以使用分组字段和分组中的计算函数，对分组的结果集进行筛选，这个功能是 WHERE 无法完成的。另外，WHERE排除的记录不再包括在分组中。

<span style="color: #880000;font-weight: bold;">区别2：如果需要通过连接从关联表中获取需要的数据，WHERE 是先筛选后连接，而 HAVING 是先连接后筛选。</span>这一点，就决定了在关联查询中，WHERE 比 HAVING 更高效。因为 WHERE 可以先筛选，用一个筛选后的较小数据集和关联表进行连接，这样占用的资源比较少，执行效率也比较高。HAVING 则需要先把结果集准备好，也就是用未被筛选的数据集进行关联，然后对这个大的数据集进行筛选，这样占用的资源就比较多，执行效率也较低。

|        | 优点                         | 缺点                                   |
| ------ | ---------------------------- | -------------------------------------- |
| WHERE  | 先筛选数据再关联，执行效率高 | 不能使用分组中的计算函数进行筛选       |
| HAVING | 可以使用分组中的计算函数     | 在最后的结果集中进行筛选，执行效率较低 |

<span style="color: #880000;font-weight: bold;">开发中的选择：</span>
WHERE 和 HAVING 也不是互相排斥的，我们可以在一个查询里面同时使用 WHERE 和 HAVING。包含分组统计函数的条件用 HAVING，普通条件用 WHERE。这样，我们就既利用了 WHERE 条件的高效快速，又发挥了 HAVING 可以使用包含分组统计函数的查询条件的优点。当数据量特别大的时候，运行效率会有很大的差别。

### 7.4 SELECT的执行过程

#### 7.4.1 查询的结构

```sql
#方式1：
SELECT ...,....,...
FROM ...,...,....
WHERE 多表的连接条件
AND 不包含组函数的过滤条件
GROUP BY ...,...
HAVING 包含组函数的过滤条件
ORDER BY ... ASC/DESC
LIMIT ...,...

#方式2：
SELECT ...,....,...
FROM ... JOIN ...
ON 多表的连接条件
JOIN ...
ON ...
WHERE 不包含组函数的过滤条件
AND/OR 不包含组函数的过滤条件
GROUP BY ...,...
HAVING 包含组函数的过滤条件
ORDER BY ... ASC/DESC
LIMIT ...,...

#其中：
#（1）from：从哪些表中筛选
#（2）on：关联多表查询时，去除笛卡尔积
#（3）where：从表中筛选的条件
#（4）group by：分组依据
#（5）having：在统计结果中再次筛选
#（6）order by：排序
#（7）limit：分页
```

#### 7.4.2 SELECT执行顺序

**1.你需要记住 SELECT 查询时的两个顺序：**

```sql
SELECT ... FROM ... WHERE ... GROUP BY ... HAVING ... ORDER BY ... LIMIT...
```

**2.SELECT 语句的执行顺序**（在 MySQL 和 Oracle 中，SELECT 执行顺序基本相同）：

```sql
FROM -> WHERE -> GROUP BY -> HAVING -> SELECT 的字段 -> DISTINCT -> ORDER BY -> LIMIT
```

比如你写了一个 SQL 语句，那么它的关键字顺序和执行顺序是下面这样的：

```sql
SELECT DISTINCT player_id, player_name, count(*) as num # 顺序 5
FROM player JOIN team ON player.team_id = team.team_id # 顺序 1
WHERE height > 1.80 # 顺序 2
GROUP BY player.team_id # 顺序 3
HAVING num > 2 # 顺序 4
ORDER BY num DESC # 顺序 6
LIMIT 2 # 顺序 7
```

在 SELECT 语句执行这些步骤的时候，每个步骤都会产生一个虚拟表，然后将这个虚拟表传入下一个步骤中作为输入。需要注意的是，这些步骤隐含在 SQL 的执行过程中，对于我们来说是不可见的。

#### 7.4.3 SQL 的执行原理

SELECT 是先执行 FROM 这一步的。在这个阶段，如果是多张表联查，还会经历下面的几个步骤：
1. 首先先通过 CROSS JOIN 求笛卡尔积，相当于得到虚拟表==vt（virtual table）1-1==；
2. 通过 ON 进行筛选，在虚拟表 ==vt1-1== 的基础上进行筛选，得到虚拟表 ==vt1-2==；
3. 添加外部行。如果我们使用的是左连接、右链接或者全连接，就会涉及到外部行，也就是在虚拟表 ==vt1-2== 的基础上增加外部行，得到虚拟表 ==vt1-3==。
当然如果我们操作的是两张以上的表，还会重复上面的步骤，直到所有表都被处理完为止。这个过程得到是我们的原始数据。

当我们拿到了查询数据表的原始数据，也就是最终的虚拟表 ==vt1== ，就可以在此基础上再进行 WHERE 阶段。在这个阶段中，会根据 ==vt1== 表的结果进行筛选过滤，得到虚拟表 ==vt2== 。
然后进入第三步和第四步，也就是 ==GROUP== 和 ==HAVING==阶段。在这个阶段中，实际上是在虚拟表 ==vt2== 的基础上进行分组和分组过滤，得到中间的虚拟表 ==vt3== 和 ==vt4== 。
当我们完成了条件筛选部分之后，就可以筛选表中提取的字段，也就是进入到 SELECT 和 DISTINCT阶段。
首先在 SELECT 阶段会提取想要的字段，然后在 DISTINCT 阶段过滤掉重复的行，分别得到中间的虚拟表==vt5-1== 和 ==vt5-2== 。
当我们提取了想要的字段数据之后，就可以按照指定的字段进行排序，也就是 ORDER BY 阶段，得到虚拟表==vt6==。
最后在 ==vt6== 的基础上，取出指定行的记录，也就是 LIMIT 阶段，得到最终的结果，对应的是虚拟表==vt7== 。
当然我们在写 SELECT 语句的时候，不一定存在所有的关键字，相应的阶段就会省略。

同时因为 SQL 是一门类似英语的结构化查询语言，所以我们在写 SELECT 语句的时候，还要注意相应的关键字顺序，**所谓底层运行的原理，就是我们刚才讲到的执行顺序。**

## 第8章_子查询

子查询指一个查询语句嵌套在另一个查询语句内部的查询，这个特性从MySQL 4.1开始引入。
SQL 中子查询的使用大大增强了 SELECT 查询的能力，因为很多时候查询需要从结果集中获取数据，或者需要从同一个表中先计算得出一个数据结果，然后与这个数据结果（可能是某个标量，也可能是某个集合）进行比较。

```sql
SELECT last_name,salary
FROM employees
WHERE salary > (
	SELECT salary
	FROM employees
	WHERE last_name = 'Abel'
);
```

### 8.1子查询的基本使用

子查询（内查询）在主查询之前一次执行完成。
子查询的结果被主查询（外查询）使用 。

* 注意事项
  子查询要包含在括号内
  将子查询放在比较条件的右侧
  单行操作符对应单行子查询，多行操作符对应多行子查询

#### 8.1.1子查询的分类

分类方式1：
我们按内查询的结果返回一条还是多条记录，将子查询分为==单行子查询==、==多行子查询==。

![image-20220713221723278](https://trpora-1300527744.cos.ap-chongqing.myqcloud.com/img/image-20220713221723278.png)

分类方式2：

我们按内查询是否被执行多次，将子查询划分为==相关(或关联)子查询==和==不相关(或非关联)子查询==。
子查询从数据表中查询了数据结果，如果这个数据结果只执行一次，然后这个数据结果作为主查询的条件进行执行，那么这样的子查询叫做不相关子查询。
同样，如果子查询需要执行多次，即采用循环的方式，先从外部查询开始，每次都传入子查询进行查询，然后再将结果反馈给外部，这种嵌套的执行方式就称为相关子查询。

### 8.2单行子查询

#### 8.2.1 单行比较操作符

![image-20220713221932092](https://trpora-1300527744.cos.ap-chongqing.myqcloud.com/img/image-20220713221932092.png)

#### 8.2.2 代码示例

题目：查询工资大于149号员工工资的员工的信息

```sql
SELECT * 
FROM employees
WHERE salary > (
	SELECT salary FROM employees
	WHERE employee_id = 149
);
```

题目：返回job_id与141号员工相同，salary比143号员工多的员工姓名，job_id和工资

```sql
SELECT last_name, job_id, salary
FROM employees
WHERE job_id = (
	SELECT job_id 
	FROM employees 
	WHERE employee_id = 141
)
AND salary > (
	SELECT salary 
	FROM employees 
	WHERE employee_id = 143
);
```

题目：返回公司工资最少的员工的last_name,job_id和salary

```sql
SELECT last_name, job_id, salary
FROM employees
WHERE salary =
(	SELECT MIN(salary)
	FROM employees
);
```

题目：查询与141号或174号员工的manager_id和department_id相同的其他员工的employee_id，manager_id，department_id

实现方式1：不成对比较

```sql
SELECT employee_id, manager_id, department_id
FROM employees
WHERE manager_id IN
(	SELECT manager_id
	FROM employees
	WHERE employee_id IN (174,141)
)
AND department_id IN
(	SELECT department_id
	FROM employees
	WHERE employee_id IN (174,141)
)
AND employee_id NOT IN(174,141);
```

实现方式2：成对比较

```sql
ELECT employee_id, manager_id, department_id
FROM employees
WHERE (manager_id, department_id) IN
	(
    	SELECT manager_id, department_id
		FROM employees
		WHERE employee_id IN (141,174)
	)
AND employee_id NOT IN (141,174);
```

#### 8.2.3 HAVING 中的子查询

首先执行子查询。
向主查询中的HAVING 子句返回结果。

题目：查询最低工资大于50号部门最低工资的部门id和其最低工资

```sql
SELECT department_id, MIN(salary)
FROM employees
GROUP BY department_id
HAVING MIN(salary) > (
	SELECT MIN(salary)
	FROM employees
	WHERE department_id = 50
);
```

#### 8.2.4 CASE中的子查询

在CASE表达式中使用单列子查询：

题目：显示员工的employee_id,last_name和location。其中，若员工department_id与location_id为1800的department_id相同，则location为’Canada’，其余则为’USA’。

```sql
SELECT employee_id, last_name,
	(
	CASE department_id
	WHEN
		(SELECT department_id FROM departments
			WHERE location_id = 1800)
	THEN 'Canada' ELSE 'USA' END
	) AS location	
FROM employees;
```

#### 8.2.5 子查询中的空值问题

```sql
SELECT last_name, job_id
FROM employees
WHERE job_id =
(	SELECT job_id
	FROM employees
	WHERE last_name = 'Haas'
);
```

![image-20220714112432814](https://trpora-1300527744.cos.ap-chongqing.myqcloud.com/img/image-20220714112432814.png)

> 子查询不返回任何行

```sql
SELECT employee_id, last_name
FROM employees
WHERE salary =
(	SELECT MIN(salary)
	FROM employees
	GROUP BY department_id
); # 这个子查询返回结果有多行
```

<span style="color:red">查询：SELECT employee_id, last_name FROM employees WHERE salary = (SELECT MIN(salary) FROM employees GROUP BY department_id)错误代码： 1242</span>
Subquery returns more than 1 row

> 多行子查询使用单行比较符

### 8.3多行子查询

* 也称为集合比较子查询
* 内查询返回多行
* 使用多行比较操作符

#### 8.3.1 多行比较操作符

![image-20220714112908897](https://trpora-1300527744.cos.ap-chongqing.myqcloud.com/img/image-20220714112908897.png)

#### 8.3.2 代码示例

题目：返回其它job_id中比job_id为‘IT_PROG’部门任一工资低的员工的员工号、姓名、job_id 以及salary

```sql
SELECT employee_id, last_name, job_id, salary
FROM employees
WHERE salary < ANY(
	SELECT salary 
	FROM employees
	WHERE job_id = 'IT_PROG'
)
AND job_id <> 'IT_PROG';
```

题目：返回其它job_id中比job_id为‘IT_PROG’部门所有工资都低的员工的员工号、姓名、job_id以及salary

```sql
SELECT employee_id, last_name, job_id, salary
FROM employees
WHERE salary < ALL(
	SELECT salary 
	FROM employees
	WHERE job_id = 'IT_PROG'
)
AND job_id <> 'IT_PROG';
```

题目：查询平均工资最低的部门id

```sql
#方式1：
SELECT department_id
FROM employees
GROUP BY department_id
HAVING AVG(salary) = (
	SELECT MIN(avg_sal)
	FROM (
		SELECT AVG(salary) avg_sal
		FROM employees
		GROUP BY department_id
	) dept_avg_sal
)
```

```sql
#方式2：
SELECT department_id
FROM employees
GROUP BY department_id
HAVING AVG(salary) <= ALL (
		SELECT AVG(salary) avg_sal
		FROM employees
		GROUP BY department_id
)
```

### 8.4EXISTS 与 NOT EXISTS关键字

关联子查询通常也会和 EXISTS操作符一起来使用，用来检查在子查询中是否存在满足条件的行。

* 如果在子查询中不存在满足条件的行：

  * 条件返回 FALSE

  * 继续在子查询中查找

* 如果在子查询中存在满足条件的行：
    * 不在子查询中继续查找
      
    * 条件返回 TRUE
      
      
      
      NOT EXISTS关键字表示如果不存在某种条件，则返回TRUE，否则返回FASE。

```sql
SELECT employee_id, last_name, job_id, department_id
FROM employees e1
WHERE EXISTS ( 
    SELECT *
	FROM employees e2
	WHERE e2.manager_id =e1.employee_id
);
```

```sql
SELECT department_id, department_name
FROM departments d
WHERE NOT EXISTS (
    SELECT 'X'
	FROM employees
	WHERE department_id = d.department_id
);
```

#### 8.4.1相关更新

```sql
UPDATE table1 alias1
SET column = (
    SELECT expression
	FROM table2 alias2
	WHERE alias1.column = alias2.column
);
```

```sql
# 1）
ALTER TABLE employees
ADD(department_name VARCHAR2(14));
# 2）
UPDATE employees e
SET department_name = (
    SELECT department_name
	FROM departments d
	WHERE e.department_id = d.department_id
);
```

#### 8.4.2相关删除

```sql
DELETE FROM table1 alias1
WHERE column operator (
    SELECT expression
	FROM table2 alias2
	WHERE alias1.column = alias2.column
);
```

```sql
DELETE FROM employees e
WHERE employee_id in
(	
    SELECT employee_id
	FROM emp_history
	WHERE employee_id = e.employee_id
);
```

## 第9章_创建和管理表

### 9.1基础知识

#### 9.1.1标识符命名规则

* 数据库名、表名不得超过30个字符，变量名限制为29个
* 必须只能包含 A–Z, a–z, 0–9, _共63个字符
* 数据库名、表名、字段名等对象名中间不要包含空格
* 同一个MySQL软件中，数据库不能同名；同一个库中，表不能重名；同一个表中，字段不能重名
* 必须保证你的字段没有和保留字、数据库系统或常用方法冲突。如果坚持使用，请在SQL语句中使用`（着重号）引起来
* 保持字段名和类型的一致性：在命名字段并为其指定数据类型的时候一定要保证一致性，假如数据
* 类型在一个表里是整数，那在另一个表里可就别变成字符型了

#### 9.1.2 MySQL中的数据类型

![image-20220714155850542](https://trpora-1300527744.cos.ap-chongqing.myqcloud.com/img/image-20220714155850542.png)

![image-20220714160428363](https://trpora-1300527744.cos.ap-chongqing.myqcloud.com/img/image-20220714160428363.png)

### 9.2创建和管理数据库

#### 9.2.1 创建数据库

* 方式1：创建数据库

```sql
CREATE DATABASE 数据库名;
```

* 方式2：创建数据库并指定字符集

```sql
CREATE DATABASE 数据库名 CHARACTER SET 字符集;
```

* 方式3：判断数据库是否已经存在，不存在则创建数据库（ ==推荐==）

```sql
CREATE DATABASE IF NOT EXISTS 数据库名;
```

如果MySQL中已经存在相关的数据库，则忽略创建语句，不再创建数据库。

> 注意：DATABASE 不能改名。一些可视化工具可以改名，它是建新库，把所有表复制到新库，再删旧库完成的。

#### 9.2.2 使用数据库

* 查看当前所有的数据库

```sql
SHOW DATABASES; #有一个S，代表多个数据库
```

* 查看当前正在使用的数据库

```sql
SELECT DATABASE(); #使用的一个 mysql 中的全局函数
```

* 查看指定库下所有的表

```sql
SHOW TABLES FROM 数据库名;
```

* 查看数据库的创建信息

```sql
SHOW CREATE DATABASE 数据库名;
或者：
SHOW CREATE DATABASE 数据库名\G
```

* 使用/切换数据库

```sql
USE 数据库名;
```

> 注意：要操作表格和数据之前必须先说明是对哪个数据库进行操作，否则就要对所有对象加上“数据库名.”。

#### 9.2.3 修改数据库

* 更改数据库字符集

```sql
ALTER DATABASE 数据库名 CHARACTER SET 字符集; #比如：gbk、utf8等
```

#### 9.2.4 删除数据库

* 方式1：删除指定的数据库

```sql
DROP DATABASE 数据库名;
```

* 方式2：删除指定的数据库（==推荐==）

```sql
DROP DATABASE IF EXISTS 数据库名;
```

### 9.3创建表

#### 9.3.1 创建方式1

* **必须具备：**
* CREATE TABLE权限
  
* 存储空间

语法格式：

```sql
CREATE TABLE [IF NOT EXISTS] 表名(
字段1, 数据类型 [约束条件] [默认值],
字段2, 数据类型 [约束条件] [默认值],
字段3, 数据类型 [约束条件] [默认值],
……
[表约束条件]
);
```

> 加上了IF NOT EXISTS关键字，则表示：如果当前数据库中不存在要创建的数据表，则创建数据表；
> 如果当前数据库中已经存在要创建的数据表，则忽略建表语句，不再创建数据表。

* **必须指定：**
  * 表名
  * 列名(或字段名)，数据类型，长度
* 可选指定：
  * 约束条件
  * 默认值
* 创建表举例1：

```sql
-- 创建表
CREATE TABLE emp (
-- int类型
emp_id INT,
-- 最多保存20个中英文字符
emp_name VARCHAR(20),
-- 总位数不超过15位
salary DOUBLE,
-- 日期类型
birthday DATE
);
```

![image-20220714162659422](https://trpora-1300527744.cos.ap-chongqing.myqcloud.com/img/image-20220714162659422.png)

MySQL在执行建表语句时，将id字段的类型设置为int(11)，这里的11实际上是int类型指定的显示宽度，默认的显示宽度为11。也可以在创建数据表的时候指定数据的显示宽度。

```sql
CREATE TABLE dept(
-- int类型，自增
deptno INT(2) AUTO_INCREMENT,
dname VARCHAR(14),
loc VARCHAR(13),
-- 主键
PRIMARY KEY (deptno)
);
```

> 在MySQL 8.x版本中，不再推荐为INT类型指定显示长度，并在未来的版本中可能去掉这样的语法。

#### 9.3.2 创建方式2

* 使用 AS subquery 选项，将**创建表和插入数据结合起来**

* 指定的列和子查询中的列要一一对应
* 通过列名和默认值定义列

```sql
CREATE TABLE emp1 AS SELECT * FROM employees;
CREATE TABLE emp2 AS SELECT * FROM employees WHERE 1=2; -- 创建的emp2是空表
```

```sql
CREATE TABLE dept80
AS
SELECT employee_id, last_name, salary*12 ANNSAL, hire_date
FROM employees
WHERE department_id = 80;
```

```sql
DESCRIBE dept80;
```

#### 9.3.3 查看数据表结构

在MySQL中创建好数据表之后，可以查看数据表的结构。MySQL支持使用==DESCRIBE/DESC== 语句查看数据表结构，也支持使用==SHOW CREATE TABLE== 语句查看数据表结构。语法格式如下：

```sql
SHOW CREATE TABLE 表名\G
```

使用SHOW CREATE TABLE语句不仅可以查看表创建时的详细语句，还可以查看存储引擎和字符编码。

### 9.4修改表

修改表指的是修改数据库中已经存在的数据表的结构。
使用 ALTER TABLE 语句可以实现：

* 向已有的表中添加列
* 修改现有表中的列
* 删除现有表中的列
* 重命名现有表中的列

#### 9.4.1 追加一个列

语法格式如下：
举例：

```sql
ALTER TABLE 表名 ADD 【COLUMN】 字段名 字段类型 【FIRST|AFTER 字段名】;
```

```sql
ALTER TABLE dept
ADD job_id varchar(15);
```

#### 9.4.2 修改一个列

可以修改列的数据类型，长度、默认值和位置
修改字段数据类型、长度、默认值、位置的语法格式如下：

```sql
ALTER TABLE 表名 MODIFY 【COLUMN】 字段名1 字段类型 【DEFAULT 默认值】【FIRST|AFTER 字段名2】;
```

举例：

```sql
ALTER TABLE dept
MODIFY last_name VARCHAR(30);
```

```sql
ALTER TABLE dept
MODIFY salary double(9,2) default 1000;
```

对默认值的修改只影响今后对表的修改

#### 9.4.3 重命名一个列

使用 CHANGE old_column new_column dataType子句重命名列。语法格式如下

```sql
ALTER TABLE 表名 CHANGE 【column】 列名 新列名 新数据类型;
```

举例：

```sql
ALTER TABLE dept
CHANGE department_name dept_name varchar(15);
```

#### 9.4.4 删除一个列

删除表中某个字段的语法格式如下：

```sql
ALTER TABLE 表名 DROP 【COLUMN】字段名
```

举例：

```sql
ALTER TABLE dept
DROP COLUMN job_id;
```

### 9.5重命名表

方式一：使用RENAME

```sql
RENAME TABLE emp TO myemp;
```

 方式二：

```sql
ALTER table dept
RENAME [TO] detail_dept; -- [TO]可以省略
```

### 9.6删除表

* 在MySQL中，当一张数据表没有与其他任何数据表形成关联关系时，可以将当前数据表直接删除。
* 数据和结构都被删除
* 所有正在运行的相关事务被提交
* 所有相关索引被删除
  语法格式：

```sql
DROP TABLE [IF EXISTS] 数据表1 [, 数据表2, …, 数据表n];
```

IF EXISTS 的含义为：如果当前数据库中存在相应的数据表，则删除数据表；如果当前数据库中不存在相应的数据表，则忽略删除语句，不再执行删除数据表的操作。

举例：

```sql
DROP TABLE users1;
```

**DROP TABLE 语句不能回滚**

### 9.7清空表

* TRUNCATE TABLE语句：
  * 删除表中所有的数据
  * 释放表的存储空间
* 举例：

```sql
TRUNCATE TABLE student;
```

**TRUNCATE语句不能回滚，而使用 DELETE 语句删除数据，可以回滚**
对比：

```sql
SET autocommit = FALSE;
DELETE FROM student;
#TRUNCATE TABLE student;
SELECT * FROM student;
ROLLBACK;
SELECT * FROM student;
```

> 阿里开发规范：
> 【参考】TRUNCATE TABLE 比 DELETE 速度快，且使用的系统和事务日志资源少，但 TRUNCATE 无事务且不触发 TRIGGER，有可能造成事故，故不建议在开发代码中使用此语句。
> 说明：TRUNCATE TABLE 在功能上与不带 WHERE 子句的 DELETE 语句相同。

### 9.8内容拓展

拓展1：阿里巴巴《Java开发手册》之MySQL字段命名

【==强制==】表名、字段名必须使用小写字母或数字，禁止出现数字开头，禁止两个下划线中间只出现数字。数据库字段名的修改代价很大，因为无法进行预发布，所以字段名称需要慎重考虑。
正例：aliyun_admin，rdc_config，level3_name
反例：AliyunAdmin，rdcConfig，level_3_name
【==强制==】禁用保留字，如 desc、range、match、delayed 等，请参考 MySQL 官方保留字。
【==强制==】表必备三字段：id, gmt_create, gmt_modified。
说明：其中 id 必为主键，类型为BIGINT UNSIGNED、单表时自增、步长为 1。gmt_create,gmt_modified 的类型均为 DATETIME 类型，前者现在时表示主动式创建，后者过去分词表示被动式更新
【==推荐==】表的命名最好是遵循 “业务名称_表的作用”。
正例：alipay_task 、 force_project、 trade_config
【==推荐==】库名与应用名称尽量一致。
【==参考==】合适的字符存储长度，不但节约数据库表空间、节约索引存储，更重要的是提升检索速

![image-20220714184224115](https://trpora-1300527744.cos.ap-chongqing.myqcloud.com/img/image-20220714184224115.png)

拓展2：如何理解清空表、删除表等操作需谨慎？！

表删除操作将把表的定义和表中的数据一起删除，并且MySQL在执行删除操作时，不会有任何的确认信息提示，因此执行删除操时应当慎重。在删除表前，最好对表中的数据进行备份，这样当操作失误时可以对数据进行恢复，以免造成无法挽回的后果。
同样的，在使用 ALTER TABLE 进行表的基本修改操作时，在执行操作过程之前，也应该确保对数据进行完整的备份，因为数据库的改变是无法撤销的，如果添加了一个不需要的字段，可以将其删除；相同的，如果删除了一个需要的列，该列下面的所有数据都将会丢失。

拓展3：MySQL8新特性—DDL的原子化

在MySQL 8.0版本中，InnoDB表的DDL支持事务完整性，即DDL操作要么成功要么回滚。DDL操作回滚日志写入到data dictionary数据字典表mysql.innodb_ddl_log（该表是隐藏的表，通过show tables无法看到）中，用于回滚操作。通过设置参数，可将DDL操作日志打印输出到MySQL错误日志中。
分别在MySQL 5.7版本和MySQL 8.0版本中创建数据库和数据表，结果如下：

```sql
CREATE DATABASE mytest;
USE mytest;
CREATE TABLE book1(
	book_id INT ,
	book_name VARCHAR(255)
);
SHOW TABLES;
```

（1）在MySQL 5.7版本中，测试步骤如下： 删除数据表book1和数据表book2，结果如下：(book2表是不存在的)

```sql
mysql> DROP TABLE book1,book2;
ERROR 1051 (42S02): Unknown table 'mytest.book2'
```

再次查询数据库中的数据表名称，结果如下：

```sql
mysql> SHOW TABLES;
Empty set (0.00 sec)
```

从结果可以看出，虽然删除操作时报错了，但是仍然删除了数据表book1。
（2）在MySQL 8.0版本中，测试步骤如下： 删除数据表book1和数据表book2，结果如下：

```sql
mysql> DROP TABLE book1,book2;
ERROR 1051 (42S02): Unknown table 'mytest.book2'
```

再次查询数据库中的数据表名称，结果如下：

```sql
mysql> show tables;
+------------------+
| Tables_in_mytest |
+------------------+
| book1 |
+------------------+
1 row in set (0.00 sec)
```

从结果可以看出，数据表book1并没有被删除。

## 第10章_数据处理之增删改

### 10.1插入数据

#### 10.1.1 方式1：VALUES的方式添加

使用这种语法一次只能向表中插入一条数据。

**情况1：为表的所有字段按默认顺序插入数据**

```sql
INSERT INTO 表名
VALUES (value1,value2,....);
```

值列表中需要为表的每一个字段指定值，并且值的顺序必须和数据表中字段定义时的顺序相同。

举例：

```sql
INSERT INTO student VALUES (1, '张三');
INSERT INTO student VALUES (2, NULL);
```

**情况2：为表的指定字段插入数据**

```sql
INSERT INTO 表名(column1 [, column2, …, columnn])
VALUES (value1 [,value2, …, valuen]);
```

为表的指定字段插入数据，就是在INSERT语句中只向部分字段中插入值，而其他字段的值为表定义时的默认值。
在 INSERT 子句中随意列出列名，但是一旦列出，VALUES中要插入的value1,....valuen需要与column1,...columnn列一一对应。如果类型不同，将无法插入，并且MySQL会产生错误。
举例：

```sql
INSERT INTO student(id, NAME) VALUES (3, '李四');
```

**情况3：同时插入多条记录**

INSERT语句可以同时向数据表中插入多条记录，插入时指定多个值列表，每个值列表之间用逗号分隔开，基本语法格式如下：

```sql
INSERT INTO table_name
VALUES
(value1 [,value2, …, valuen]),
(value1 [,value2, …, valuen]),
……
(value1 [,value2, …, valuen]);
```

或

```sql
INSERT INTO table_name(column1 [, column2, …, columnn])
VALUES
(value1 [,value2, …, valuen]),
(value1 [,value2, …, valuen]),
……
(value1 [,value2, …, valuen]);
```

举例：

```sql
INSERT INTO student(id, NAME) VALUE (4,'王五'),(5, '赵六');
```

```sql
mysql> INSERT INTO emp(emp_id,emp_name)
-> VALUES (1001,'shkstart'),
-> (1002,'atguigu'),
-> (1003,'Tom');
Query OK, 3 rows affected (0.00 sec)
Records: 3 Duplicates: 0 Warnings: 0
```

使用INSERT同时插入多条记录时，MySQL会返回一些在执行单行插入时没有的额外信息，这些信息的含义如下： ●　Records：表明插入的记录条数。 ●　Duplicates：表明插入时被忽略的记录，原因可能是这些记录包含了重复的主键值。 ●　Warnings：表明有问题的数据值，例如发生数据类型转换。

> 一个同时插入多行记录的INSERT语句等同于多个单行插入的INSERT语句，但是多行的INSERT语句在处理过程中效率更高。因为MySQL执行单条INSERT语句插入多行数据比使用多条INSERT语句快，所以在插入多条记录时最好选择使用单条INSERT语句的方式插入。

小结：

* VALUES 也可以写成VALUE ，但是VALUES是标准写法。
* 字符和日期型数据应包含在单引号中。

#### 10.1.2 方式2：将查询结果插入到表中

INSERT还可以将SELECT语句查询的结果插入到表中，此时不需要把每一条记录的值一个一个输入，只需要使用一条INSERT语句和一条SELECT语句组成的组合语句即可快速地从一个或多个表中向一个表中插入多行。

基本语法格式如下：

```sql
INSERT INTO 目标表名
(tar_column1 [, tar_column2, …, tar_columnn])
SELECT
(src_column1 [, src_column2, …, src_columnn])
FROM 源表名
[WHERE condition]
```

* 在 INSERT 语句中加入子查询。
* 不必书写 VALUES 子句。
* 子查询中的值列表应与 INSERT 子句中的列名对应。

举例：

```sql
INSERT INTO emp2
SELECT *
FROM employees
WHERE department_id = 90;
```

```sql
INSERT INTO sales_reps(id, name, salary, commission_pct)
SELECT employee_id, last_name, salary, commission_pct
FROM employees
WHERE job_id LIKE '%REP%';
```

### 10.2更新数据

使用 UPDATE 语句更新数据。语法如下：

```sql
UPDATE table_name
SET column1=value1, column2=value2, … , column=valuen
[WHERE condition]
```

* 可以一次更新多条数据。
* 如果需要回滚数据，需要保证在DML前，进行设置：**SET AUTOCOMMIT = FALSE;**
* 使用 WHERE 子句指定需要更新的数据。

```sql
UPDATE employees
SET department_id = 70
WHERE employee_id = 113;
```

如果省略 WHERE 子句，则表中的所有数据都将被更新。

```sql
UPDATE copy_emp
SET department_id = 110;
```

### 10.3删除数据

使用 DELETE 语句从表中删除数据

```sql
DELETE FROM table_name [WHERE <condition>];
```

table_name指定要执行删除操作的表；“[WHERE ]”为可选参数，指定删除条件，如果没有WHERE子句，DELETE语句将删除表中的所有记录。

使用 WHERE 子句删除指定的记录。

```sql
DELETE FROM departments
WHERE department_name = 'Finance';
```

如果省略 WHERE 子句，则表中的全部数据将被删除

```sql
DELETE FROM departments
WHERE department_id = 60;
```

### 10.4MySQL8新特性：计算列

什么叫计算列呢？简单来说就是某一列的值是通过别的列计算得来的。例如，a列值为1、b列值为2，c列不需要手动插入，定义a+b的结果为c的值，那么c就是计算列，是通过别的列计算得来的。
在MySQL 8.0中，CREATE TABLE 和 ALTER TABLE 中都支持增加计算列。下面以CREATE TABLE为例进行讲解。
举例：定义数据表tb1，然后定义字段id、字段a、字段b和字段c，其中字段c为计算列，用于计算a+b的值。 首先创建测试表tb1，语句如下：

```sql
CREATE TABLE tb1(
id INT,
a INT,
b INT,
c INT GENERATED ALWAYS AS (a + b) VIRTUAL
);
```

插入演示数据，语句如下：

```sql
INSERT INTO tb1(a,b) VALUES (100,200);
```

查询数据表tb1中的数据，结果如下：

```sql
mysql> SELECT * FROM tb1;
+------+------+------+------+
| id   | 	a | 	b |   c |
+------+------+------+------+
| NULL | 100  |  200 | 300  |
+------+------+------+------+
1 row in set (0.00 sec)
```

### 10.5. 综合案例

```sql
# 1、创建数据库test01_library
# 2、创建表 books，表结构如下：
```

![image-20220715105532063](https://trpora-1300527744.cos.ap-chongqing.myqcloud.com/img/image-20220715105532063.png)

```sql
# 3、向books表中插入记录
# 1）不指定字段名称，插入第一条记录
# 2）指定所有字段名称，插入第二记录
# 3）同时插入多条记录（剩下的所有记录）
# 4、将小说类型(novel)的书的价格都增加5。
# 5、将名称为EmmaT的书的价格改为40，并将说明改为drama。
# 6、删除库存为0的记录。
# 7、统计书名中包含a字母的书
# 8、统计书名中包含a字母的书的数量和库存总量
# 9、找出“novel”类型的书，按照价格降序排列
# 10、查询图书信息，按照库存量降序排列，如果库存量相同的按照note升序排列
# 11、按照note分类统计书的数量
# 12、按照note分类统计书的库存量，显示库存量超过30本的
# 13、查询所有图书，每页显示5本，显示第二页
# 14、按照note分类统计书的库存量，显示库存量最多的
# 15、查询书名达到10个字符的书，不包括里面的空格
# 16、查询书名和类型，其中note值为novel显示小说，law显示法律，medicine显示医药，cartoon显示卡通，joke显示笑话
# 17、查询书名、库存，其中num值超过30本的，显示滞销，大于0并低于10的，显示畅销，为0的显示需要无货
# 18、统计每一种note的库存量，并合计总量
# 19、统计每一种note的数量，并合计总量
# 20、统计库存量前三名的图书
# 21、找出最早出版的一本书
# 22、找出novel中价格最高的一本书
# 23、找出书名中字数最多的一本书，不含空格
```

## 第11章_MySQL数据类型精讲

### 11.1. MySQL中的数据类型

![image-20220715105811438](https://trpora-1300527744.cos.ap-chongqing.myqcloud.com/img/image-20220715105811438.png)

常见数据类型的属性，如下：

![image-20220715110148808](https://trpora-1300527744.cos.ap-chongqing.myqcloud.com/img/image-20220715110148808.png)

### 11.2整数类型

#### 11.2.1 类型介绍

整数类型一共有 5 种，包括 TINYINT、SMALLINT、MEDIUMINT、INT（INTEGER）和 BIGINT。
它们的区别如下表所示：

![image-20220715110443850](https://trpora-1300527744.cos.ap-chongqing.myqcloud.com/img/image-20220715110443850.png)

#### 11.2.2 可选属性

**整数类型的可选属性有三个：**

##### 11.2.2.1 M

```M``` : 表示显示宽度，M的取值范围是(0, 255)。例如，int(5)：当数据宽度小于5位的时候在数字前面需要用字符填满宽度。该项功能需要配合“ ```ZEROFILL``` ”使用，表示用“0”填满宽度，否则指定显示宽度无效。
如果设置了显示宽度，那么插入的数据宽度超过显示宽度限制，会不会截断或插入失败？
答案：不会对插入的数据有任何影响，还是按照类型的实际宽度进行保存，即显示宽度与类型可以存储的值范围无关。从MySQL 8.0.17开始，整数数据类型不推荐使用显示宽度属性。
整型数据类型可以在定义表结构时指定所需要的显示宽度，如果不指定，则系统为每一种类型指定默认的宽度值。
举例：

```sql
CREATE TABLE test_int1 ( x TINYINT,　y SMALLINT,　z MEDIUMINT,　m INT,　n BIGINT );
```

![image-20220715110825484](https://trpora-1300527744.cos.ap-chongqing.myqcloud.com/img/image-20220715110825484.png)

TINYINT有符号数和无符号数的取值范围分别为-128~127和0~255，由于负号占了一个数字位，因此
TINYINT默认的显示宽度为4。同理，其他整数类型的默认显示宽度与其有符号数的最小值的宽度相同。

举例：

```sql
CREATE TABLE test_int2(
f1 INT,
f2 INT(5),
f3 INT(5) ZEROFILL
)
DESC test_int2;
INSERT INTO test_int2(f1,f2,f3)
VALUES(1,123,123);
INSERT INTO test_int2(f1,f2)
VALUES(123456,123456);
INSERT INTO test_int2(f1,f2,f3)
VALUES(123456,123456,123456);
```

![image-20220715111656994](https://trpora-1300527744.cos.ap-chongqing.myqcloud.com/img/image-20220715111656994.png)

##### 11.2.2.2 UNSIGNED

```UNSIGNED``` : 无符号类型（非负），所有的整数类型都有一个可选的属性UNSIGNED（无符号属性），无符号整数类型的最小取值为0。所以，如果需要在MySQL数据库中保存非负整数值时，可以将整数类型设置为无符号类型。
int类型默认显示宽度为int(11)，无符号int类型默认显示宽度为int(10)。

```sql
CREATE TABLE test_int3(
f1 INT UNSIGNED
);
mysql> desc test_int3;
+-------+------------------+------+-----+---------+-------+
| Field | 		Type 	   | Null | Key | Default | Extra |
+-------+------------------+------+-----+---------+-------+
| f1 	| int(10) unsigned | YES  | 	| NULL 	  | 	  |
+-------+------------------+------+-----+---------+-------+
1 row in set (0.00 sec)
```

##### 11.2.2.3 ZEROFILL

```ZEROFILL``` : 0填充,（如果某列是ZEROFILL，那么MySQL会自动为当前列添加UNSIGNED属性），如果指
定了ZEROFILL只是表示不够M位时，用0在左边填充，如果超过M位，只要不超过数据存储范围即可。
原来，在 int(M) 中，M 的值跟 int(M) 所占多少存储空间并无任何关系。 int(3)、int(4)、int(8) 在磁盘上都
是占用 4 bytes 的存储空间。也就是说，int(M)，必须和UNSIGNED ZEROFILL一起使用才有意义。如果整
数值超过M位，就按照实际位数存储。只是无须再用字符 0 进行填充。

#### 11.2.3 适用场景

```TINYINT``` ：一般用于枚举数据，比如系统设定取值范围很小且固定的场景。
```SMALLINT``` ：可以用于较小范围的统计数据，比如统计工厂的固定资产库存数量等。
```MEDIUMINT``` ：用于较大整数的计算，比如车站每日的客流量等。
```INT、INTEGER ```：取值范围足够大，一般情况下不用考虑超限问题，用得最多。比如商品编号。
```BIGINT ```：只有当你处理特别巨大的整数时才会用到。比如双十一的交易量、大型门户网站点击量、证券公司衍生产品持仓等。

#### 11.2.4 如何选择？

在评估用哪种整数类型的时候，你需要考虑存储空间和可靠性的平衡问题：一方 面，用占用字节数少的整数类型可以节省存储空间；另一方面，要是为了节省存储空间， 使用的整数类型取值范围太小，一旦遇到超出取值范围的情况，就可能引起系统错误，影响可靠性。
举个例子，商品编号采用的数据类型是 INT。原因就在于，客户门店中流通的商品种类较多，而且，每天都有旧商品下架，新商品上架，这样不断迭代，日积月累。
如果使用 SMALLINT 类型，虽然占用字节数比 INT 类型的整数少，但是却不能保证数据不会超出范围65535。相反，使用 INT，就能确保有足够大的取值范围，不用担心数据超出范围影响可靠性的问题。
你要注意的是，在实际工作中，系统故障产生的成本远远超过增加几个字段存储空间所产生的成本。因此，我建议你首先确保数据不会超过取值范围，在这个前提之下，再去考虑如何节省存储空间。

### 11.3浮点类型

#### 11.3.1 类型介绍

浮点数和定点数类型的特点是可以处理小数，你可以把整数看成小数的一个特例。因此，浮点数和定点
数的使用场景，比整数大多了。 MySQL支持的浮点数类型，分别是 FLOAT、DOUBLE、REAL。

* FLOAT 表示单精度浮点数；
* DOUBLE 表示双精度浮点数；
* REAL

![image-20220715145044371](https://trpora-1300527744.cos.ap-chongqing.myqcloud.com/img/image-20220715145044371.png)

* REAL默认就是 DOUBLE。如果你把 SQL 模式设定为启用“ REAL_AS_FLOAT ”，那 么，MySQL 就认为REAL 是 FLOAT。如果要启用“REAL_AS_FLOAT”，可以通过以下 SQL 语句实现：

```sql
SET sql_mode = “REAL_AS_FLOAT”;
```

问题1：FLOAT 和 DOUBLE 这两种数据类型的区别是啥呢？

FLOAT 占用字节数少，取值范围小；DOUBLE 占用字节数多，取值范围也大。

问题2：为什么浮点数类型的无符号数取值范围，只相当于有符号数取值范围的一半，也就是只相当于有符号数取值范围大于等于零的部分呢？

MySQL 存储浮点数的格式为： 符号(S) 、尾数(M) 和 阶码(E) 。因此，无论有没有符号，MySQL 的浮点数都会存储表示符号的部分。因此， 所谓的无符号数取值范围，其实就是有符号数取值范围大于等于零的部分。

#### 11.3.2 数据精度说明

对于浮点类型，在MySQL中单精度值使用```4``` 个字节，双精度值使用```8 ```个字节。

* MySQL允许使用非标准语法（其他数据库未必支持，因此如果涉及到数据迁移，则最好不要这么用： ```FLOAT(M,D)``` 或```DOUBLE(M,D) ```。这里，```M```称为精度，```D```称为标度。(M,D)中 M=整数位+小数位，D=小数位。D<=M<=255,0<=D<=30。
  例如，定义为FLOAT(5,2)的一个列可以显示为-999.99-999.99。如果超过这个范围会报错。
* FLOAT和DOUBLE类型在不指定(M,D)时，默认会按照实际的精度（由实际的硬件和操作系统决定）来显示。
* 说明：浮点类型，也可以加UNSIGNED ，但是不会改变数据范围，例如：FLOAT(3,2) UNSIGNED仍然
  只能表示0-9.99的范围。
* 不管是否显式设置了精度(M,D)，这里MySQL的处理方案如下：
  * 如果存储时，整数部分超出了范围，MySQL就会报错，不允许存这样的值
  * 如果存储时，小数点部分若超出范围，就分以下情况：
    * 若四舍五入后，整数部分没有超出范围，则只警告，但能成功操作并四舍五入删除多余
      的小数位后保存。例如在FLOAT(5,2)列内插入999.009，近似结果是999.01。
    * 若四舍五入后，整数部分超出范围，则MySQL报错，并拒绝处理。如FLOAT(5,2)列内插入
      999.995和-999.995都会报错。
    * 
* **从MySQL 8.0.17开始，FLOAT(M,D) 和DOUBLE(M,D)用法在官方文档中已经明确不推荐使用**，将来可
能被移除。另外，关于浮点型FLOAT和DOUBLE的UNSIGNED也不推荐使用了，将来也可能被移除。
 举例:

```sql
CREATE TABLE test_double1(
f1 FLOAT,
f2 FLOAT(5,2),
f3 DOUBLE,
f4 DOUBLE(5,2)
);
INSERT INTO test_double1
VALUES(123.456,123.456,123.4567,123.45);
#Out of range value for column 'f2' at row 1
INSERT INTO test_double1
VALUES(123.456,1234.456,123.4567,123.45);

SELECT * FROM test_double1;
```

![image-20220715155254494](https://trpora-1300527744.cos.ap-chongqing.myqcloud.com/img/image-20220715155254494.png)

#### 11.3.3 精度误差说明

浮点数类型有个缺陷，就是不精准。下面我来重点解释一下为什么 MySQL 的浮点数不够精准。比如，我们设计一个表，有f1这个字段，插入值分别为0.47,0.44,0.19，我们期待的运行结果是：0.47 + 0.44 + 0.19 =1.1。而使用sum之后查询：

```sql
CREATE TABLE test_double2(
f1 DOUBLE
);
INSERT INTO test_double2
VALUES(0.47),(0.44),(0.19);
```

```sql
mysql> SELECT SUM(f1)
-> FROM test_double2;
+--------------------+
| SUM(f1) |
+--------------------+
| 1.0999999999999999 |
+--------------------+
1 row in set (0.00 sec)
```

```sql
mysql> SELECT SUM(f1) = 1.1,1.1 = 1.1
-> FROM test_double2;
+---------------+-----------+
| SUM(f1) = 1.1 | 1.1 = 1.1 |
+---------------+-----------+
| 0 | 1 |
+---------------+-----------+
1 row in set (0.00 sec)
```

查询结果是 1.0999999999999999。看到了吗？虽然误差很小，但确实有误差。 你也可以尝试把数据类型改成 FLOAT，然后运行求和查询，得到的是， 1.0999999940395355。显然，误差更大了。
那么，为什么会存在这样的误差呢？问题还是出在 MySQL 对浮点类型数据的存储方式上。
MySQL 用 4 个字节存储 FLOAT 类型数据，用 8 个字节来存储 DOUBLE 类型数据。无论哪个，都是采用二进制的方式来进行存储的。比如 9.625，用二进制来表达，就是 1001.101，或者表达成 1.001101×2^3。如果尾数不是 0 或 5（比如 9.624），你就无法用一个二进制数来精确表达。进而，就只好在取值允许的范围内进行四舍五入。

在编程中，如果用到浮点数，要特别注意误差问题，**因为浮点数是不准确的，所以我们要避免使用“=”来判断两个数是否相等。**同时，在一些对精确度要求较高的项目中，千万不要使用浮点数，不然会导致结果错误，甚至是造成不可挽回的损失。那么，MySQL 有没有精准的数据类型呢？当然有，这就是定点数
类型： ```DECIMAL``` 。

### 11.4定点数类型

#### 11.4.1 类型介绍

* MySQL中的定点数类型只有 DECIMAL 一种类型。

![image-20220715160119922](https://trpora-1300527744.cos.ap-chongqing.myqcloud.com/img/image-20220715160119922.png)

使用 DECIMAL(M,D) 的方式表示高精度小数。其中，M被称为精度，D被称为标度。0<=M<=65，0<=D<=30，D<M。例如，定义DECIMAL（5,2）的类型，表示该列取值范围是-999.99~999.99。

* **DECIMAL(M,D)的最大取值范围与DOUBLE类型一样**，但是有效的数据范围是由M和D决定的。
  DECIMAL 的存储空间并不是固定的，由精度值M决定，总共占用的存储空间为M+2个字节。也就是说，在一些对精度要求不高的场景下，比起占用同样字节长度的定点数，浮点数表达的数值范围可以更大一些。
* 定点数在MySQL内部是以```字符串```的形式进行存储，这就决定了它一定是精准的。
* 当DECIMAL类型不指定精度和标度时，其默认为DECIMAL(10,0)。当数据的精度超出了定点数类型的精度范围时，则MySQL同样会进行四舍五入处理。

* 浮点数 vs 定点数
  * 浮点数相对于定点数的优点是在长度一定的情况下，浮点类型取值范围大，但是不精准，适用于需要取值范围大，又可以容忍微小误差的科学计算场景（比如计算化学、分子建模、流体动力学等）
  * 定点数类型取值范围相对小，但是精准，没有误差，适合于对精度要求极高的场景 （比如涉及金额计算的场景）

```sql
CREATE TABLE test_decimal1(
f1 DECIMAL,
f2 DECIMAL(5,2)
);
DESC test_decimal1;
INSERT INTO test_decimal1(f1,f2)
VALUES(123.123,123.456);
#Out of range value for column 'f2' at row 1
INSERT INTO test_decimal1(f2)
VALUES(1234.34);
```

![image-20220716092629989](https://trpora-1300527744.cos.ap-chongqing.myqcloud.com/img/image-20220716092629989.png)

举例
我们运行下面的语句，把test_double2表中字段“f1”的数据类型修改为 DECIMAL(5,2)：

```sql
ALTER TABLE test_double2
MODIFY f1 DECIMAL(5,2);
```

```sql
mysql> SELECT SUM(f1)
-> FROM test_double2;
+---------+
| SUM(f1) |
+---------+
| 1.10 |
+---------+
1 row in set (0.00 sec)


mysql> SELECT SUM(f1) = 1.1
-> FROM test_double2;
+---------------+
| SUM(f1) = 1.1 |
+---------------+
| 1 |
+---------------+
1 row in set (0.00 sec)
```

> “由于 DECIMAL 数据类型的精准性，在我们的项目中，除了极少数（比如商品编号）用到整数类型外，其他的数值都用的是 DECIMAL，原因就是这个项目所处的零售行业，要求精准，一分钱也不能差。 ” ——来自某项目经理

### 11.5位类型：BIT

BIT类型中存储的是二进制值，类似010110。

![image-20220716093636484](https://trpora-1300527744.cos.ap-chongqing.myqcloud.com/img/image-20220716093636484.png)

BIT类型，如果没有指定(M)，默认是1位。这个1位，表示只能存1位的二进制值。这里(M)是表示二进制的位数，位数最小值为1，最大值为64。

```sql
CREATE TABLE test_bit1(
f1 BIT,
f2 BIT(5),
f3 BIT(64)
);

INSERT INTO test_bit1(f1)
VALUES(1);
#Data too long for column 'f1' at row 1
INSERT INTO test_bit1(f1)
VALUES(2);
INSERT INTO test_bit1(f2)
VALUES(23);
```

注意：在向BIT类型的字段中插入数据时，一定要确保插入的数据在BIT类型支持的范围内。

使用SELECT命令查询位字段时，可以用```BIN() ```十进制或```HEX()``` 二进制函数进行读取。

```sql
mysql> SELECT BIN(f2),HEX(f2)
-> FROM test_bit1;
+---------+---------+
| BIN(f2) | HEX(f2) |
+---------+---------+
| NULL    |   NULL  |
| 10111   |    17   |
+---------+---------+
2 rows in set (0.00 sec)
```

```sql
mysql> SELECT f2 + 0
-> FROM test_bit1;
+--------+
| f2 + 0 |
+--------+
|   NULL |
|   23   |
+--------+
2 rows in set (0.00 sec)
```

可以看到，使用b+0查询数据时，可以直接查询出存储的十进制数据的值。

### 11.6日期与时间类型

日期与时间是重要的信息，在我们的系统中，几乎所有的数据表都用得到。原因是客户需要知道数据的时间标签，从而进行数据查询、统计和处理。
MySQL有多种表示日期和时间的数据类型，不同的版本可能有所差异，MySQL8.0版本支持的日期和时间类型主要有：YEAR类型、TIME类型、DATE类型、DATETIME类型和TIMESTAMP类型。

```YEAR``` 类型通常用来表示年
```DATE``` 类型通常用来表示年、月、日
```TIME``` 类型通常用来表示时、分、秒
```DATETIME``` 类型通常用来表示年、月、日、时、分、秒
```TIMESTAMP ```类型通常用来表示带时区的年、月、日、时、分、秒

![image-20220716094432491](https://trpora-1300527744.cos.ap-chongqing.myqcloud.com/img/image-20220716094432491.png)

可以看到，不同数据类型表示的时间内容不同、取值范围不同，而且占用的字节数也不一样，你要根据实际需要灵活选取。

为什么时间类型 TIME 的取值范围不是 -23:59:59～23:59:59 呢？原因是 MySQL 设计的 TIME 类型，不光表示一天之内的时间，而且可以用来表示一个时间间隔，这个时间间隔可以超过 24 小时。

#### 11.6.1 YEAR类型

YEAR类型用来表示年份，在所有的日期时间类型中所占用的存储空间最小，只需要1个字节的存储空
间。
在MySQL中，YEAR有以下几种存储格式：

* 以4位字符串或数字格式表示YEAR类型，其格式为YYYY，最小值为1901，最大值为2155。

* 以2位字符串格式表示YEAR类型，最小值为00，最大值为99。
  * 当取值为01到69时，表示2001到2069；
  * 当取值为70到99时，表示1970到1999；
  * 当取值整数的0或00添加的话，那么是0000年；
  * 当取值是日期/字符串的'0'添加的话，是2000年。

  从MySQL5.5.27开始，2位格式的YEAR已经不推荐使用。YEAR默认格式就是“YYYY”，没必要写成YEAR(4)，
  从MySQL 8.0.19开始，不推荐使用指定显示宽度的YEAR(4)数据类型。

```sql
CREATE TABLE test_year(
f1 YEAR,
f2 YEAR(4)
);
INSERT INTO test_year
VALUES('2020','2021');
mysql> SELECT * FROM test_year;
+------+------+
|  f1  |   f2 |
+------+------+
| 2020 | 2021 |
+------+------+
1 rows in set (0.00 sec)
```

```sql
INSERT INTO test_year
VALUES('45','71');
INSERT INTO test_year
VALUES(0,'0');
mysql> SELECT * FROM test_year;
+------+------+
| f1 | f2 |
+------+------+
| 2020 | 2021 |
| 2045 | 1971 |
| 0000 | 2000 |
+------+------+
3 rows in set (0.00 sec)
```

#### 11.6.2 DATE类型

DATE类型表示日期，没有时间部分，格式为```YYYY-MM-DD``` ，其中，YYYY表示年份，MM表示月份，DD表示日期。需要3个字节的存储空间。在向DATE类型的字段插入数据时，同样需要满足一定的格式条件。

* 以```YYYY-MM-DD``` 格式或者```YYYYMMDD``` 格式表示的字符串日期，其最小取值为1000-01-01，最大取值为9999-12-03。```YYYYMMDD```格式会被转化为```YYYY-MM-DD```格式。
* 以```YY-MM-DD``` 格式或者```YYMMDD``` 格式表示的字符串日期，此格式中，年份为两位数值或字符串满足YEAR类型的格式条件为：当年份取值为00到69时，会被转化为2000到2069；当年份取值为70到99时，会被转化为1970到1999。
* 使用```CURRENT_DATE()``` 或者```NOW()``` 函数，会插入当前系统的日期。

举例：
创建数据表，表中只包含一个DATE类型的字段f1。

```sql
CREATE TABLE test_date1(
f1 DATE
);
INSERT INTO test_date1
VALUES ('2020-10-01'), ('20201001'),(20201001);
INSERT INTO test_date1
VALUES ('00-01-01'), ('000101'), ('69-10-01'), ('691001'), ('70-01-01'), ('700101'),
('99-01-01'), ('990101');

INSERT INTO test_date1
VALUES (000301), (690301), (700301), (990301);

INSERT INTO test_date1
VALUES (CURRENT_DATE()), (NOW());
```

#### 11.6.3 TIME类型

TIME类型用来表示时间，不包含日期部分。在MySQL中，需要```3```个字节的存储空间来存储TIME类型的数据，可以使用“```HH:MM:SS```”格式来表示TIME类型，其中，HH表示小时，MM表示分钟，SS表示秒。
在MySQL中，向TIME类型的字段插入数据时，也可以使用几种不同的格式。 （1）可以使用带有冒号的字符串，比如' ```D HH:MM:SS```' 、'```HH:MM:SS``` '、' ```HH:MM``` '、' ```D HH:MM``` '、' ```D HH``` '或' ```SS``` '格式，都能被正确地插入TIME类型的字段中。其中D表示天，其最小值为0，最大值为34。如果使用带有D格式的字符串插入TIME类型的字段时，D会被转化为小时，计算格式为D*24+HH。当使用带有冒号并且不带D的字符串表示时间时，表示当天的时间，比如12:10表示12:10:00，而不是00:12:10。 （2）可以使用不带有冒号的字符串或者数字，格式为' HHMMSS '或HHMMSS 。如果插入一个不合法的字符串或者数字，MySQL在存储数据时，会将其自动转化为00:00:00进行存储。比1210，MySQL会将最右边的两位解析成秒，表示00:12:10，而不是12:10:00。 （3）使用CURRENT_TIME() 或者NOW() ，会插入当前系统的时间。
举例：
创建数据表，表中包含一个TIME类型的字段f1。

```sql
CREATE TABLE test_time1(
f1 TIME
);
INSERT INTO test_time1
VALUES('2 12:30:29'), ('12:35:29'), ('12:40'), ('2 12:40'),('1 05'), ('45');
INSERT INTO test_time1
VALUES ('123520'), (124011),(1210);
INSERT INTO test_time1
VALUES (NOW()), (CURRENT_TIME());
SELECT * FROM test_time1;
```

#### 11.6.4 DATETIME类型

DATETIME类型在所有的日期时间类型中占用的存储空间最大，总共需要8 个字节的存储空间。在格式上为DATE类型和TIME类型的组合，可以表示为YYYY-MM-DD HH:MM:SS ，其中YYYY表示年份，MM表示月份，DD表示日期，HH表示小时，MM表示分钟，SS表示秒。
在向DATETIME类型的字段插入数据时，同样需要满足一定的格式条件。

* 以```YYYY-MM-DD HH:MM:SS``` 格式或者```YYYYMMDDHHMMSS``` 格式的字符串插入DATETIME类型的字段时，最小值为1000-01-01 00:00:00，最大值为9999-12-03 23:59:59。
* 以```YYYYMMDDHHMMSS```格式的数字插入DATETIME类型的字段时，会被转化为```YYYY-MM-DDHH:MM:SS```格式。

以```YY-MM-DD HH:MM:SS``` 格式或者```YYMMDDHHMMSS``` 格式的字符串插入DATETIME类型的字段时，两位数的年份规则符合YEAR类型的规则，00到69表示2000到2069；70到99表示1970到1999。
使用函数CURRENT_TIMESTAMP() 和NOW() ，可以向DATETIME类型的字段插入系统的当前日期和时间。

举例：
创建数据表，表中包含一个DATETIME类型的字段dt。

```sql
CREATE TABLE test_datetime1(
dt DATETIME
);
INSERT INTO test_datetime1
VALUES ('2021-01-01 06:50:30'), ('20210101065030');
INSERT INTO test_datetime1
VALUES ('99-01-01 00:00:00'), ('990101000000'), ('20-01-01 00:00:00'),
('200101000000');
INSERT INTO test_datetime1
VALUES (20200101000000), (200101000000), (19990101000000), (990101000000);
INSERT INTO test_datetime1
VALUES (CURRENT_TIMESTAMP()), (NOW());
```

#### 11.6.5 TIMESTAMP类型

TIMESTAMP类型也可以表示日期时间，其显示格式与DATETIME类型相同，都是```YYYY-MM-DDHH:MM:SS``` ，需要4个字节的存储空间。但是TIMESTAMP存储的时间范围比DATETIME要小很多，只能存储“1970-01-01 00:00:01 UTC”到“2038-01-19 03:14:07 UTC”之间的时间。其中，UTC表示世界统一时间，也叫作世界标准时间。

* **存储数据的时候需要对当前时间所在的时区进行转换，查询数据的时候再将时间转换回当前的时区。因此，使用TIMESTAMP存储的同一个时间值，在不同的时区查询时会显示不同的时间。**

向TIMESTAMP类型的字段插入数据时，当插入的数据格式满足YY-MM-DD HH:MM:SS和YYMMDDHHMMSS时，两位数值的年份同样符合YEAR类型的规则条件，只不过表示的时间范围要小很多。如果向TIMESTAMP类型的字段插入的时间超出了TIMESTAMP类型的范围，则MySQL会抛出错误信息。

举例：
创建数据表，表中包含一个TIMESTAMP类型的字段ts。

```sql
CREATE TABLE test_timestamp1(
ts TIMESTAMP
);
INSERT INTO test_timestamp1
VALUES ('1999-01-01 03:04:50'), ('19990101030405'), ('99-01-01 03:04:05'),
('990101030405');
INSERT INTO test_timestamp1
VALUES ('2020@01@01@00@00@00'), ('20@01@01@00@00@00');
INSERT INTO test_timestamp1
VALUES (CURRENT_TIMESTAMP()), (NOW());
#Incorrect datetime value
INSERT INTO test_timestamp1
VALUES ('2038-01-20 03:14:07');
```

TIMESTAMP和DATETIME的区别：

* TIMESTAMP存储空间比较小，表示的日期时间范围也比较小
* 底层存储方式不同，TIMESTAMP底层存储的是毫秒值，距离1970-1-1 0:0:0 0毫秒的毫秒值。
* 两个日期比较大小或日期计算时，TIMESTAMP更方便、更快。
* TIMESTAMP和时区有关。TIMESTAMP会根据用户的时区不同，显示不同的结果。而DATETIME则只能反映出插入时当地的时区，其他时区的人查看数据必然会有误差的。

```sql
#修改当前的时区
SET time_zone = '+9:00';
```

#### 11.6.6 开发中经验

用得最多的日期时间类型，就是 DATETIME 。虽然 MySQL 也支持 YEAR（年）、 TIME（时间）、DATE（日期），以及 TIMESTAMP 类型，但是在实际项目中，尽量用 DATETIME 类型。因为这个数据类型包括了完整的日期和时间信息，取值范围也最大，使用起来比较方便。毕竟，如果日期时间信息分散在好几个字段，很不容易记，而且查询的时候，SQL 语句也会更加复杂。
此外，一般存注册时间、商品发布时间等，不建议使用DATETIME存储，而是使用时间戳，因为DATETIME虽然直观，但不便于计算。

### 11.7文本字符串类型

在实际的项目中，我们还经常遇到一种数据，就是字符串数据。
MySQL中，文本字符串总体上分为CHAR 、VARCHAR 、TINYTEXT 、TEXT 、MEDIUMTEXT 、LONGTEXT 、ENUM 、SET 等类型。

![image-20220716104824553](https://trpora-1300527744.cos.ap-chongqing.myqcloud.com/img/image-20220716104824553.png)

#### 11.7.1 CHAR与VARCHAR类型

CHAR和VARCHAR类型都可以存储比较短的字符串。

![image-20220716104903338](https://trpora-1300527744.cos.ap-chongqing.myqcloud.com/img/image-20220716104903338.png)

**CHAR类型：**

* CHAR(M) 类型一般需要预先定义字符串长度。如果不指定(M)，则表示长度默认是1个字符。
* 如果保存时，数据的实际长度比CHAR类型声明的长度小，则会在右侧填充空格以达到指定的长度。当MySQL检索CHAR类型的数据时，CHAR类型的字段会去除尾部的空格。
* 定义CHAR类型字段时，声明的字段长度即为CHAR类型字段所占的存储空间的字节数。

```sql
CREATE TABLE test_char1(
c1 CHAR,
c2 CHAR(5)
);
DESC test_char1;

INSERT INTO test_char1
VALUES('a','Tom');
SELECT c1,CONCAT(c2,'***') FROM test_char1;

INSERT INTO test_char1(c2)
VALUES('a ');  # 长度是1，不会保留尾部的空格
SELECT CHAR_LENGTH(c2)
FROM test_char1;
```

**VARCHAR类型：**

* VARCHAR(M) 定义时， 必须指定长度M，否则报错。
* MySQL4.0版本以下，varchar(20)：指的是20字节，如果存放UTF8汉字时，只能存6个（每个汉字3字节
* MySQL5.0版本以上，varchar(20)：指的是20字符。
* 检索VARCHAR类型的字段数据时，会保留数据尾部的空格。VARCHAR类型的字段所占用的存储空间为字符串实际长度加1个字节。

```sql
CREATE TABLE test_varchar1(
NAME VARCHAR #错误
);
```

**哪些情况使用 CHAR 或 VARCHAR 更好**

![image-20220716105650584](https://trpora-1300527744.cos.ap-chongqing.myqcloud.com/img/image-20220716105650584.png)

* 情况1：存储很短的信息。比如门牌号码101，201……这样很短的信息应该用char，因为varchar还要占个byte用于存储信息长度，本来打算节约存储的，结果得不偿失。

* 情况2：固定长度的。比如使用uuid作为主键，那用char应该更合适。因为他固定长度，varchar动态根据
  长度的特性就消失了，而且还要占个长度信息。
* 情况3：十分频繁改变的column。因为varchar每次存储都要有额外的计算，得到长度等工作，如果一个
  非常频繁改变的，那就要有很多的精力用于计算，而这些对于char来说是不需要的。
* 情况4：具体存储引擎中的情况：
  ```MyISAM``` 数据存储引擎和数据列：MyISAM数据表，最好使用固定长度(CHAR)的数据列代替可变长度(VARCHAR)的数据列。这样使得整个表静态化，从而使数据检索更快，用空间换时间。
  ```MEMORY``` 存储引擎和数据列：MEMORY数据表目前都使用固定长度的数据行存储，因此无论使用CHAR或VARCHAR列都没有关系，两者都是作为CHAR类型处理的。
  ```InnoDB``` 存储引擎，建议使用VARCHAR类型。因为对于InnoDB数据表，内部的行存储格式并没有区分固定长度和可变长度列（所有数据行都使用指向数据列值的头指针），而且**主要影响性能的因素是数据行使用的存储总量**，由于char平均占用的空间多于varchar，所以除了简短并且固定长度的，其他考虑varchar。这样节省空间，对磁盘I/O和数据存储总量比较好。

#### 11.7.2 TEXT类型

在MySQL中，TEXT用来保存文本类型的字符串，总共包含4种类型，分别为TINYTEXT、TEXT、MEDIUMTEXT 和 LONGTEXT 类型。
在向TEXT类型的字段保存和查询数据时，系统自动按照实际长度存储，不需要预先定义长度。这一点和VARCHAR类型相同。
每种TEXT类型保存的数据长度和所占用的存储空间不同，如下：

![image-20220716105959091](https://trpora-1300527744.cos.ap-chongqing.myqcloud.com/img/image-20220716105959091.png)

**由于实际存储的长度不确定，MySQL 不允许 TEXT 类型的字段做主键。**遇到这种情况，你只能采用CHAR(M)，或者 VARCHAR(M)。
举例：
创建数据表：

```sql
CREATE TABLE test_text(
tx TEXT
);
INSERT INTO test_text
VALUES('abc ');
SELECT CHAR_LENGTH(tx)
FROM test_text; #4
```

说明在保存和查询数据时，并没有删除TEXT类型的数据尾部的空格。
**开发中经验：**
TEXT文本类型，可以存比较大的文本段，搜索速度稍慢，因此如果不是特别大的内容，建议使用CHAR，VARCHAR来代替。还有TEXT类型不用加默认值，加了也没用。而且text和blob类型的数据删除后容易导致“空洞”，使得文件碎片比较多，所以频繁使用的表不建议包含TEXT类型字段，建议单独分出去，单独用一个表。

### 11.8ENUM类型

ENUM类型也叫作枚举类型，ENUM类型的取值范围需要在定义字段时进行指定。设置字段值时，ENUM类型只允许从成员中选取单个值，不能一次选取多个值。
其所需要的存储空间由定义ENUM类型时指定的成员个数决定。

![image-20220716110229650](https://trpora-1300527744.cos.ap-chongqing.myqcloud.com/img/image-20220716110229650.png)

* 当ENUM类型包含1～255个成员时，需要1个字节的存储空间；
* 当ENUM类型包含256～65535个成员时，需要2个字节的存储空间。
* ENUM类型的成员个数的上限为65535个。

举例：
创建表如下：

```sql
CREATE TABLE test_enum(
season ENUM('春','夏','秋','冬','unknow')
);
INSERT INTO test_enum
VALUES('春'),('秋');
# 忽略大小写
INSERT INTO test_enum
VALUES('UNKNOW');
# 允许按照角标的方式获取指定索引位置的枚举值
INSERT INTO test_enum
VALUES('1'),(3);
# Data truncated for column 'season' at row 1
INSERT INTO test_enum
VALUES('ab');
# 当ENUM类型的字段没有声明为NOT NULL时，插入NULL也是有效的
INSERT INTO test_enum
VALUES(NULL);

SELECT * FROM test_enum;
```

![image-20220716110539901](https://trpora-1300527744.cos.ap-chongqing.myqcloud.com/img/image-20220716110539901.png)

### 11.9SET类型

SET表示一个字符串对象，可以包含0个或多个成员，但成员个数的上限为64 。设置字段值时，可以取取值范围内的 0 个或多个值。
当SET类型包含的成员个数不同时，其所占用的存储空间也是不同的，具体如下：

![image-20220716110621698](https://trpora-1300527744.cos.ap-chongqing.myqcloud.com/img/image-20220716110621698.png)

SET类型在存储数据时成员个数越多，其占用的存储空间越大。注意：SET类型在选取成员时，可以一次选择多个成员，这一点与ENUM类型不同。

举例：

```sql
INSERT INTO test_set (s) VALUES ('A'), ('A,B');
#插入重复的SET类型成员时，MySQL会自动删除重复的成员
INSERT INTO test_set (s) VALUES ('A,B,C,A');
#向SET类型的字段插入SET成员中不存在的值时，MySQL会抛出错误。
INSERT INTO test_set (s) VALUES ('A,B,C,D');
SELECT *
FROM test_set;
```

![image-20220716110759518](https://trpora-1300527744.cos.ap-chongqing.myqcloud.com/img/image-20220716110759518.png)

```sql
CREATE TABLE temp_mul(
gender ENUM('男','女'),
hobby SET('吃饭','睡觉','打豆豆','写代码')
);
INSERT INTO temp_mul VALUES('男','睡觉,打豆豆'); #成功
# Data truncated for column 'gender' at row 1
INSERT INTO temp_mul VALUES('男,女','睡觉,写代码'); #失败
# Data truncated for column 'gender' at row 1
INSERT INTO temp_mul VALUES('妖','睡觉,写代码');#失败
INSERT INTO temp_mul VALUES('男','睡觉,写代码,吃饭'); #成功
SELECT * FROM temp_mul;
```

![image-20220716110946270](https://trpora-1300527744.cos.ap-chongqing.myqcloud.com/img/image-20220716110946270.png)

### 11.10二进制字符串类型

MySQL中的二进制字符串类型主要存储一些二进制数据，比如可以存储图片、音频和视频等二进制数据。
MySQL中支持的二进制字符串类型主要包括BINARY、VARBINARY、TINYBLOB、BLOB、MEDIUMBLOB 和LONGBLOB类型。

BINARY与VARBINARY类型

* BINARY和VARBINARY类似于CHAR和VARCHAR，只是它们存储的是二进制字符串。
* BINARY (M)为固定长度的二进制字符串，M表示最多能存储的字节数，取值范围是0~255个字符。如果未指定(M)，表示只能存储1个字节。例如BINARY (8)，表示最多能存储8个字节，如果字段值不足(M)个字节，将在右边填充'\0'以补齐指定长度。
* VARBINARY (M)为可变长度的二进制字符串，M表示最多能存储的字节数，总字节数不能超过行的字节长度限制65535，另外还要考虑额外字节开销，VARBINARY类型的数据除了存储数据本身外，还需要1或2个字节来存储数据的字节数。VARBINARY类型必须指定(M) ，否则报错。

![image-20220716111203116](https://trpora-1300527744.cos.ap-chongqing.myqcloud.com/img/image-20220716111203116.png)

举例：

```sql
CREATE TABLE test_binary1(
f1 BINARY,
f2 BINARY(3),
# f3 VARBINARY,
f4 VARBINARY(10)
);
INSERT INTO test_binary1(f1,f2)
VALUES('a','a');
INSERT INTO test_binary1(f1,f2)
VALUES('尚','尚');#失败
INSERT INTO test_binary1(f2,f4)
VALUES('ab','ab');

SELECT LENGTH(f2),LENGTH(f4)
FROM test_binary1;
```

![image-20220716111407559](https://trpora-1300527744.cos.ap-chongqing.myqcloud.com/img/image-20220716111407559.png)

**BLOB类型**
BLOB是一个二进制大对象，可以容纳可变数量的数据。
MySQL中的BLOB类型包括TINYBLOB、BLOB、MEDIUMBLOB和LONGBLOB 4种类型，它们可容纳值的最大长度不同。可以存储一个二进制的大对象，比如```图片```、``音频``和``视频``等。
需要注意的是，在实际工作中，往往不会在MySQL数据库中使用BLOB类型存储大对象数据，通常会将图片、音频和视频文件存储到服务器的磁盘上，并将图片、音频和视频的访问路径存储到MySQL中。

![image-20220716111514800](https://trpora-1300527744.cos.ap-chongqing.myqcloud.com/img/image-20220716111514800.png)

举例：

```sql
CREATE TABLE test_blob1(
id INT,
img MEDIUMBLOB
);
```

**TEXT和BLOB的使用注意事项：**

在使用text和blob字段类型时要注意以下几点，以便更好的发挥数据库的性能。
① BLOB和TEXT值也会引起自己的一些问题，特别是执行了大量的删除或更新操作的时候。删除这种值
会在数据表中留下很大的" 空洞"，以后填入这些"空洞"的记录可能长度不同。为了提高性能，建议定期
使用 OPTIMIZE TABLE 功能对这类表进行碎片整理。
② 如果需要对大文本字段进行模糊查询，MySQL 提供了前缀索引。但是仍然要在不必要的时候避免检
索大型的BLOB或TEXT值。例如，SELECT * 查询就不是很好的想法，除非你能够确定作为约束条件的
WHERE子句只会找到所需要的数据行。否则，你可能毫无目的地在网络上传输大量的值。
③ 把BLOB或TEXT列``分离到单独的表``中。在某些环境中，如果把这些数据列移动到第二张数据表中，可
以让你把原数据表中的数据列转换为固定长度的数据行格式，那么它就是有意义的。这会减少主表中的
碎片，使你得到固定长度数据行的性能优势。它还使你在主数据表上运行 SELECT * 查询的时候不会通过
网络传输大量的BLOB或TEXT值。

### 11.11JSON 类型

JSON（JavaScript Object Notation）是一种轻量级的数据交换格式。简洁和清晰的层次结构使得 JSON 成为理想的数据交换语言。它易于人阅读和编写，同时也易于机器解析和生成，并有效地提升网络传输效率。**JSON 可以将 JavaScript 对象中表示的一组数据转换为字符串，然后就可以在网络或者程序之间轻松地传递这个字符串，并在需要的时候将它还原为各编程语言所支持的数据格式。**
在MySQL 5.7中，就已经支持JSON数据类型。在MySQL 8.x版本中，JSON类型提供了可以进行自动验证的JSON文档和优化的存储结构，使得在MySQL中存储和读取JSON类型的数据更加方便和高效。 创建数据表，表中包含一个JSON类型的字段 js 。

```sql
CREATE TABLE test_json(
js json
);
INSERT INTO test_json (js)
VALUES ('{"name":"songhk", "age":18, "address":{"province":"beijing",
"city":"beijing"}}');
SELECT *FROM test_json;
```

当需要检索JSON类型的字段中数据的某个具体值时，可以使用“->”和“->>”符号。

```sql
mysql> SELECT js -> '$.name' AS NAME,js -> '$.age' AS age ,js -> '$.address.province'
AS province, js -> '$.address.city' AS city
-> FROM test_json;
+----------+------+-----------+-----------+
| 	NAME   |  age |  province |    city   |
+----------+------+-----------+-----------+
| "songhk" |   18 | "beijing" | "beijing" |
+----------+------+-----------+-----------+
1 row in set (0.00 sec)
```

通过“->”和“->>”符号，从JSON字段中正确查询出了指定的JSON数据的值。

### 11.12空间类型

MySQL 空间类型扩展支持地理特征的生成、存储和分析。这里的地理特征表示世界上具有位置的任何东西，可以是一个实体，例如一座山；可以是空间，例如一座办公楼；也可以是一个可定义的位置，例如一个十字路口等等。MySQL中使用Geometry（几何） 来表示所有地理特征。Geometry指一个点或点的集合，代表世界上任何具有位置的事物。
MySQL的空间数据类型（Spatial Data Type）对应于OpenGIS类，包括单值类型：GEOMETRY、POINTLINESTRING、POLYGON以及集合类型：MULTIPOINT、MULTILINESTRING、MULTIPOLYGON、GEOMETRYCOLLECTION 。

* Geometry是所有空间集合类型的基类，其他类型如POINT、LINESTRING、POLYGON都是Geometry的子类。

  * Point，顾名思义就是点，有一个坐标值。例如POINT(121.213342 31.234532)，POINT(30 10)，坐标值支持DECIMAL类型，经度（longitude）在前，维度（latitude）在后，用空格分隔。
  * LineString，线，由一系列点连接而成。如果线从头至尾没有交叉，那就是简单的（simple）；如果起点和终点重叠，那就是封闭的（closed）。例如LINESTRING(30 10,10 30,4040)，点与点之间用逗号分隔，一个点中的经纬度用空格分隔，与POINT格式一致。

  * Polygon，多边形。可以是一个实心平面形，即没有内部边界，也可以有空洞，类似纽扣。最
    简单的就是只有一个外边界的情况，例如POLYGON((0 0,10 0,10 10, 0 10))。

![image-20220716112315238](https://trpora-1300527744.cos.ap-chongqing.myqcloud.com/img/image-20220716112315238.png)

MultiPoint、MultiLineString、MultiPolygon、GeometryCollection 这4种类型都是集合类，是多个Point、LineString或Polygon组合而成。

![image-20220716112343032](https://trpora-1300527744.cos.ap-chongqing.myqcloud.com/img/image-20220716112343032.png)

在定义数据类型时，如果确定是整数，就用``INT`` ； 如果是小数，一定用定点数类型``DECIMAL(M,D)`` ； 如果是日期与时间，就用 ``DATETIME`` 。
这样做的好处是，首先确保你的系统不会因为数据类型定义出错。不过，凡事都是有两面的，可靠性好，并不意味着高效。比如，``TEXT`` 虽然使用方便，但是效率不如 ``CHAR(M)`` 和 ``VARCHAR(M)``。
关于字符串的选择，建议参考如下阿里巴巴的《Java开发手册》规范：
**阿里巴巴《Java开发手册》之MySQL数据库：**

任何字段如果为非负数，必须是 UNSIGNED
【``强制``】小数类型为 DECIMAL，禁止使用 FLOAT 和 DOUBLE。
说明：在存储的时候，FLOAT 和 DOUBLE 都存在精度损失的问题，很可能在比较值的时候，得到不正确的结果。如果存储的数据范围超过 DECIMAL 的范围，建议将数据拆成整数和小数并分开存储。
【``强制``】如果存储的字符串长度几乎相等，使用 CHAR 定长字符串类型。
【``强制``】VARCHAR 是可变长字符串，不预先分配存储空间，长度不要超过 5000。如果存储长度大于此值，定义字段类型为 TEXT，独立出来一张表，用主键来对应，避免影响其它字段索引效率。

## 第12章_约束

### 12.1约束(constraint)概述

#### 12.1.1 为什么需要约束

数据完整性（Data Integrity）是指数据的精确性（Accuracy）和可靠性（Reliability）。它是防止数据库中存在不符合语义规定的数据和防止因错误信息的输入输出造成无效操作或错误信息而提出的。

为了保证数据的完整性，SQL规范以约束的方式**对表数据进行额外的条件限制**。从以下四个方面考虑：

* ``实体完整性（Entity Integrity）`` ：例如，同一个表中，不能存在两条完全相同无法区分的记录
* ``域完整性（Domain Integrity）`` ：例如：年龄范围0-120，性别范围“男/女”
* ``引用完整性（Referential Integrity）`` ：例如：员工所在部门，在部门表中要能找到这个部门
* ``用户自定义完整性（User-defined Integrity）`` ：例如：用户名唯一、密码不能为空等，本部门经理的工资不得高于本部门职工的平均工资的5倍。

#### 12.1.2 什么是约束

约束是表级的强制规定。
可以在**创建表时规定约束（通过 CREATE TABLE 语句）**，或者**在表创建之后通过 ALTER TABLE 语句规定约束。**

#### 12.1.3 约束的分类

* **根据约束数据列的限制**，约束可分为：
  * **单列约束**：每个约束只约束一列
  * **多列约束**：每个约束可约束多列数据
* **根据约束的作用范围**，约束可分为：
  * **列级约束**：只能作用在一个列上，跟在列的定义后面
  * **表级约束**：可以作用在多个列上，不与列一起，而是单独定义

```sql
位置 		支持的约束类型 				是否可以起约束名
列级约束： 列的后面 语法都支持，但外键没有效果 不可以
表级约束： 所有列的下面 默认和非空不支持，其他支持 可以（主键没有效果）
```

根据约束起的作用，约束可分为：

* **NOT NULL** 非空约束，规定某个字段不能为空
* **UNIQUE** 唯一约束，规定某个字段在整个表中是唯一的
* **PRIMARY KEY** 主键(非空且唯一)约束
* **FOREIGN KEY** 外键约束
* **CHECK** 检查约束
* **DEFAULT** 默认值约束

> 注意： MySQL不支持check约束，但可以使用check约束，而没有任何效果

查看某个表已有的约束

```sql
#information_schema数据库名（系统库）
#table_constraints表名称（专门存储各个表的约束）
SELECT * FROM information_schema.table_constraints
WHERE table_name = '表名称';
```

### 12.2非空约束

#### 12.2.1 作用

限定某个字段/某列的值不允许为空

#### 12.2.2 关键字

NOT NULL

#### 12.2.3 特点

* 默认，所有的类型的值都可以是NULL，包括INT、FLOAT等数据类型
* 非空约束只能出现在表对象的列上，只能某个列单独限定非空，不能组合非空
* 一个表可以有很多列都分别限定了非空
* 空字符串''不等于NULL，0也不等于NULL

#### 12.2.4 添加非空约束

（1）建表时

```sql
CREATE TABLE 表名称(
字段名 数据类型,
字段名 数据类型 NOT NULL,
字段名 数据类型 NOT NULL
);
```

```sql
CREATE TABLE emp(
id INT(10) NOT NULL,
NAME VARCHAR(20) NOT NULL,
sex CHAR NULL
);
```

```sql
CREATE TABLE student(
sid int,
sname varchar(20) not null,
tel char(11) ,
cardid char(18) not null
);
```

```sql
insert into student values(1,'张三','13710011002','110222198912032545'); #成功
insert into student values(2,'李四','13710011002',null);#身份证号为空
ERROR 1048 (23000): Column 'cardid' cannot be null
insert into student values(2,'李四',null,'110222198912032546');#成功，tel允许为空
insert into student values(3,null,null,'110222198912032547');#失败
ERROR 1048 (23000): Column 'sname' cannot be null
```

（2）建表后

```sql
alter table 表名称 modify 字段名 数据类型 not null;
```

```sql
ALTER TABLE emp
MODIFY sex VARCHAR(30) NOT NULL;
```

```sql
alter table student modify sname varchar(20) not null;
```

#### 12.2.5 删除非空约束

```sql
alter table 表名称 modify 字段名 数据类型 NULL;#去掉not null，相当于修改某个非注解字段，该字段允
许为空
或
alter table 表名称 modify 字段名 数据类型;#去掉not null，相当于修改某个非注解字段，该字段允许为空
```

```sql
ALTER TABLE emp
MODIFY sex VARCHAR(30) NULL;

ALTER TABLE emp
MODIFY NAME VARCHAR(15) DEFAULT 'abc' NULL;
```

### 12.3唯一性约束

#### 12.3.1 作用

用来限制某个字段/某列的值不能重复。

#### 12.3.2 关键字

UNIQUE

#### 12.3.3 特点

* 同一个表可以有多个唯一约束。
* 唯一约束可以是某一个列的值唯一，也可以多个列组合的值唯一。
* 唯一性约束允许列值为空。
* 在创建唯一约束的时候，如果不给唯一约束命名，就默认和列名相同。
* **MySQL会给唯一约束的列上默认创建一个唯一索引**。

#### 12.3.4 添加唯一约束

（1）建表时

```sql
create table 表名称(
字段名 数据类型,
字段名 数据类型 unique,
字段名 数据类型 unique key,
字段名 数据类型
);
create table 表名称(
字段名 数据类型,
字段名 数据类型,
字段名 数据类型,
[constraint 约束名] unique key(字段名)
);
```

举例：

```sql
create table student(
	sid int,
	sname varchar(20),
	tel char(11) unique,
	cardid char(18) unique key
);

CREATE TABLE t_course(
	cid INT UNIQUE,
	cname VARCHAR(100) UNIQUE,
	description VARCHAR(200)
);
```

```sql
CREATE TABLE USER(
	id INT NOT NULL,
	NAME VARCHAR(25),
	PASSWORD VARCHAR(16),
	-- 使用表级约束语法
	CONSTRAINT uk_name_pwd UNIQUE(NAME,PASSWORD)
);
```

> 表示用户名和密码组合不能重复

```sql
insert into student values(1,'张三','13710011002','101223199012015623');
insert into student values(2,'李四','13710011003','101223199012015624');
```

（2）建表后指定唯一键约束

```sql
#字段列表中如果是一个字段，表示该列的值唯一。如果是两个或更多个字段，那么复合唯一，即多个字段的组合是唯
一的
#方式1：
alter table 表名称 add unique key(字段列表);
```

```sql
#方式2：
alter table 表名称 modify 字段名 字段类型 unique;
```

```sql
ALTER TABLE USER
ADD UNIQUE(NAME,PASSWORD);

ALTER TABLE USER
ADD CONSTRAINT uk_name_pwd UNIQUE(NAME,PASSWORD);

ALTER TABLE USER
MODIFY NAME VARCHAR(20) UNIQUE;
```

举例：

```sql
create table student(
	sid int primary key,
	sname varchar(20),
	tel char(11) ,
	cardid char(18)
);

alter table student add unique key(tel);
alter table student add unique key(cardid);
```

#### 12.3.5 关于复合唯一约束

```sql
create table 表名称(
	字段名 数据类型,
	字段名 数据类型,
	字段名 数据类型,
	unique key(字段列表) #字段列表中写的是多个字段名，多个字段名用逗号分隔，表示那么是复合唯一，即多个字段的组合是唯一的
);
```

```sql
#学生表
create table student(
	sid int, #学号
	sname varchar(20), #姓名
	tel char(11) unique key, #电话
	cardid char(18) unique key #身份证号
);
#课程表
create table course(
	cid int, #课程编号
	cname varchar(20) #课程名称
);
#选课表
create table student_course(
	id int,
	sid int,
	cid int,
	score int,
	unique key(sid,cid) #复合唯一
);
```

#### 12.3.5 删除唯一约束

* 添加唯一性约束的列上也会自动创建唯一索引。
* 删除唯一约束只能通过删除唯一索引的方式删除。
* 删除时需要指定唯一索引名，唯一索引名就和唯一约束名一样。
* 如果创建唯一约束时未指定名称，如果是单列，就默认和列名相同；如果是组合列，那么默认和()中排在第一个的列名相同。也可以自定义唯一性约束名。

```sql
SELECT * FROM information_schema.table_constraints WHERE table_name = '表名'; #查看都有哪些约束
```

```sql
ALTER TABLE USER
DROP INDEX uk_name_pwd;
```

> 注意：可以通过 ```show index from``` 表名称; 查看表的索引

### 12.4PRIMARY KEY 约束

#### 12.4.1 作用

用来唯一标识表中的一行记录。

#### 12.4.2 关键字

primary key

#### 12.4.3 特点

主键约束相当于唯一约束+非空约束的组合，主键约束列不允许重复，也不允许出现空值。

* 一个表最多只能有一个主键约束，建立主键约束可以在列级别创建，也可以在表级别上创建。
* 主键约束对应着表中的一列或者多列（复合主键）
* 如果是多列组合的复合主键约束，那么这些列都不允许为空值，并且组合的值不允许重复。
* MySQL的主键名总是PRIMARY，就算自己命名了主键约束名也没用。
* 当创建主键约束时，系统默认会在所在的列或列组合上建立对应的主键索引（能够根据主键查询的，就根据主键查询，效率更高）。如果删除主键约束了，主键约束对应的索引就自动删除了。
* 需要注意的一点是，不要修改主键字段的值。因为主键是数据记录的唯一标识，如果修改了主键的
  值，就有可能会破坏数据的完整性。

#### 12.4.4 添加主键约束

（1）建表时指定主键约束

```sql
create table 表名称(
	字段名 数据类型 primary key, #列级模式
	字段名 数据类型,
	字段名 数据类型
);
create table 表名称(
	字段名 数据类型,
	字段名 数据类型,
	字段名 数据类型,
	[constraint 约束名] primary key(字段名) #表级模式
);
```

举例：

```sql
create table temp(
	id int primary key,
	name varchar(20)
);
```

* 列级约束

```sql
CREATE TABLE emp4(
	id INT PRIMARY KEY AUTO_INCREMENT ,
	NAME VARCHAR(20)
);
```

* 表级约束

```sql
CREATE TABLE emp5(
id INT NOT NULL AUTO_INCREMENT,
NAME VARCHAR(20),
pwd VARCHAR(15),
CONSTRAINT emp5_id_pk PRIMARY KEY(id)
);
```

（2）建表后增加主键约束

```sql
ALTER TABLE 表名称 ADD PRIMARY KEY(字段列表); #字段列表可以是一个字段，也可以是多个字段，如果是多个字段的话，是复合主键
```

```sql
ALTER TABLE student ADD PRIMARY KEY (sid);
ALTER TABLE emp5 ADD PRIMARY KEY(NAME,pwd);
```

#### 12.4.5 关于复合主键

```sql
create table 表名称(
	字段名 数据类型,
	字段名 数据类型,
	字段名 数据类型,
	primary key(字段名1,字段名2) #表示字段1和字段2的组合是唯一的，也可以有更多个字段
);
```

```sql
#学生表
create table student(
	sid int primary key, #学号
	sname varchar(20) #学生姓名
);
#课程表
create table course(
	cid int primary key, #课程编号
	cname varchar(20) #课程名称
);
#选课表
create table student_course(
	sid int,
	cid int,
	score int,
	primary key(sid,cid) #复合主键
);
```

```sql
CREATE TABLE emp6(
	id INT NOT NULL,
	NAME VARCHAR(20),
	pwd VARCHAR(15),
	CONSTRAINT emp7_pk PRIMARY KEY(NAME,pwd)
);
```

#### 12.4.6 删除主键约束

```sql
alter table 表名称 drop primary key;
```

> 说明：删除主键约束，不需要指定主键名，因为一个表只有一个主键，删除主键约束后，非空还存在。

### 12.5自增列：AUTO_INCREMENT

（1）一个表最多只能有一个自增长列
（2）当需要产生唯一标识符或顺序值时，可设置自增长
（3）**自增长列约束的列必须是键列**（主键列，唯一键列）
（4）自增约束的列的数据类型必须是整数类型
（5）如果自增列指定了 0 和 null，会在当前最大值的基础上自增；如果自增列手动指定了具体值，直接
赋值为具体值。

（1）建表时

```sql
create table 表名称(
	字段名 数据类型 primary key auto_increment,
	字段名 数据类型 unique key not null,
	字段名 数据类型 unique key,
	字段名 数据类型 not null default 默认值,
);
create table 表名称(
	字段名 数据类型 default 默认值 ,
	字段名 数据类型 unique key auto_increment,
	字段名 数据类型 not null default 默认值,,
	primary key(字段名)
);
```

（2）建表后

```sql
alter table 表名称 modify 字段名 数据类型 auto_increment;
```

如何删除自增约束

```sql
#alter table 表名称 modify 字段名 数据类型 auto_increment;#给这个字段增加自增约束
alter table 表名称 modify 字段名 数据类型; #去掉auto_increment相当于删除
```

#### 12.5.2MySQL 8.0新特性—自增变量的持久化

在MySQL 8.0之前，自增主键AUTO_INCREMENT的值如果大于max(primary key)+1，在MySQL重启后，会重置AUTO_INCREMENT=max(primary key)+1，这种现象在某些情况下会导致业务主键冲突或者其他难以发现的问题。 下面通过案例来对比不同的版本中自增变量是否持久化。 在MySQL 5.7版本中，测试步骤如下： 

![image-20220716154402576](https://trpora-1300527744.cos.ap-chongqing.myqcloud.com/img/image-20220716154402576.png)

![image-20220716154431078](https://trpora-1300527744.cos.ap-chongqing.myqcloud.com/img/image-20220716154431078.png)

![image-20220716154517553](https://trpora-1300527744.cos.ap-chongqing.myqcloud.com/img/image-20220716154517553.png)

![image-20220716154634604](https://trpora-1300527744.cos.ap-chongqing.myqcloud.com/img/image-20220716154634604.png)

### 12.6FOREIGN KEY 约束

6.1 作用
限定某个表的某个字段的引用完整性。
比如：员工表的员工所在部门的选择，必须在部门表能找到对应的部分。

6.2 关键字
FOREIGN KEY
6.3 主表和从表/父表和子表

6.3 主表和从表/父表和子表
主表（父表）：被引用的表，被参考的表
从表（子表）：引用别人的表，参考别人的表
例如：员工表的员工所在部门这个字段的值要参考部门表：部门表是主表，员工表是从表。
例如：学生表、课程表、选课表：选课表的学生和课程要分别参考学生表和课程表，学生表和课程表是主表，选课表是从表。

6.4 特点
（1）从表的外键列，必须引用/参考主表的主键或唯一约束的列
为什么？因为被依赖/被参考的值必须是唯一的
（2）在创建外键约束时，如果不给外键约束命名，默认名不是列名，而是自动产生一个外键名（例如
student_ibfk_1;），也可以指定外键约束名。
（3）创建(CREATE)表时就指定外键约束的话，先创建主表，再创建从表
（4）删表时，先删从表（或先删除外键约束），再删除主表
（5）当主表的记录被从表参照时，主表的记录将不允许删除，如果要删除数据，需要先删除从表中依赖该记录的数据，然后才可以删除主表的数据
（6）在“从表”中指定外键约束，并且一个表可以建立多个外键约束
（7）从表的外键列与主表被参照的列名字可以不相同，但是数据类型必须一样，逻辑意义一致。如果类
型不一样，创建子表时，就会出现错误“ERROR 1005 (HY000): Can't createtable'database.tablename'(errno: 150)”。
例如：都是表示部门编号，都是int类型。

（8）当创建外键约束时，系统默认会在所在的列上建立对应的普通索引。但是索引名是外键的约束
名。（根据外键查询效率很高）
（9）删除外键约束后，必须手动删除对应的索引
6.5 添加外键约束

（1）建表时

```sql
create table 主表名称(
字段1 数据类型 primary key,
字段2 数据类型
);
create table 从表名称(
字段1 数据类型 primary key,
字段2 数据类型,
[CONSTRAINT <外键约束名称>] FOREIGN KEY（从表的某个字段) references 主表名(被参考字段)
);
#(从表的某个字段)的数据类型必须与主表名(被参考字段)的数据类型一致，逻辑意义也一样
#(从表的某个字段)的字段名可以与主表名(被参考字段)的字段名一样，也可以不一样
-- FOREIGN KEY: 在表级指定子表中的列
-- REFERENCES: 标示在父表中的列
```

```sql
create table dept( #主表
did int primary key, #部门编号
dname varchar(50) #部门名称
);
create table emp(#从表
eid int primary key, #员工编号
ename varchar(5), #员工姓名
deptid int, #员工所在的部门
foreign key (deptid) references dept(did) #在从表中指定外键约束
#emp表的deptid和和dept表的did的数据类型一致，意义都是表示部门的编号
);
说明：
（1）主表dept必须先创建成功，然后才能创建emp表，指定外键成功。
（2）删除表时，先删除从表emp，再删除主表dept
```

（2）建表后
一般情况下，表与表的关联都是提前设计好了的，因此，会在创建表的时候就把外键约束定义好。不过，如果需要修改表的设计（比如添加新的字段，增加新的关联关系），但没有预先定义外键约束，那么，就要用修改表的方式来补充定义。

```sql
ALTER TABLE 从表名 ADD [CONSTRAINT 约束名] FOREIGN KEY (从表的字段) REFERENCES 主表名(被引用
字段) [on update xx][on delete xx];

ALTER TABLE emp1
ADD [CONSTRAINT emp_dept_id_fk] FOREIGN KEY(dept_id) REFERENCES dept(dept_id);
```

```sql
create table dept(
	did int primary key, #部门编号
	dname varchar(50) #部门名称
);
create table emp(
	eid int primary key, #员工编号
	ename varchar(5), #员工姓名
	deptid int #员工所在的部门
);
#这两个表创建时，没有指定外键的话，那么创建顺序是随意

alter table emp add foreign key (deptid) references dept(did);
```

总结：约束关系是针对双方的

* 添加了外键约束后，主表的修改和删除数据受约束
* 添加了外键约束后，从表的添加和修改数据受约束
* 在从表上建立外键，要求主表必须存在
* 删除主表时，要求从表从表先删除，或将从表中外键引用该主表的关系先删除

6.7 约束等级
``Cascade``方式：在父表上update/delete记录时，同步update/delete掉子表的匹配记录
``Set nul``l方式：在父表上update/delete记录时，将子表上匹配记录的列设为null，但是要注意子
表的外键列不能为not null
``No action``方式：如果子表中有匹配的记录，则不允许对父表对应候选键进行update/delete操作
``Restrict``方式：同no action， 都是立即检查外键约束
``Set default``方式（在可视化工具SQLyog中可能显示空白）：父表有变更时，子表将外键列设置成一个默认的值，但Innodb不能识别
如果没有指定等级，就相当于Restrict方式。
对于外键约束，最好是采用: ``ON UPDATE CASCADE ON DELETE RESTRICT`` 的方式。

6.8 删除外键约束

```sql
(1)第一步先查看约束名和删除外键约束
SELECT * FROM information_schema.table_constraints WHERE table_name = '表名称';#查看某个
表的约束名
ALTER TABLE 从表名 DROP FOREIGN KEY 外键约束名;
（2）第二步查看索引名和删除索引。（注意，只能手动删除）
SHOW INDEX FROM 表名称; #查看某个表的索引名
ALTER TABLE 从表名 DROP INDEX 索引名;
```

![image-20220716161056705](https://trpora-1300527744.cos.ap-chongqing.myqcloud.com/img/image-20220716161056705.png)

**问题1：如果两个表之间有关系（一对一、一对多），比如：员工表和部门表（一对多），它们之间是否**
**一定要建外键约束？**
答：不是的

**问题2：建和不建外键约束有什么区别？**
答：建外键约束，你的操作（创建表、删除表、添加、修改、删除）会受到限制，从语法层面受到限制。例如：在员工表中不可能添加一个员工信息，它的部门的值在部门表中找不到。
不建外键约束，你的操作（创建表、删除表、添加、修改、删除）不受限制，要保证数据的引用完整性，只能依靠程序员的自觉，或者是在Java程序中进行限定。例如：在员工表中，可以添加一个员工的信息，它的部门指定为一个完全不存在的部门。
**问题3：那么建和不建外键约束和查询有没有关系？**
答：没有

> 在 MySQL 里，外键约束是有成本的，需要消耗系统资源。对于大并发的 SQL 操作，有可能会不适合。比如大型网站的中央数据库，可能会因为外键约束的系统开销而变得非常慢。所以， MySQL 允许你不使用系统自带的外键约束，在应用层面完成检查数据一致性的逻辑。也就是说，即使你不用外键约束，也要想办法通过应用层面的附加逻辑，来实现外键约束的功能，确保数据的一致性。

6.10 阿里开发规范
【``强制``】不得使用外键与级联，一切外键概念必须在应用层解决。
说明：（概念解释）学生表中的 student_id 是主键，那么成绩表中的 student_id 则为外键。如果更新学生表中的 student_id，同时触发成绩表中的 student_id 更新，即为级联更新。外键与级联更新适用于单机低并发，不适合分布式、高并发集群；级联更新是强阻塞，存在数据库更新风暴的风险；外键影响数据库的插入速度。

### 12.7CHECK 约束

7.1 作用
检查某个字段的值是否符号xx要求，一般指的是值的范围
2、关键字
CHECK
3、说明：MySQL 5.7 不支持
MySQL5.7 可以使用check约束，但check约束对数据验证没有任何作用。添加数据时，没有任何错误或警
告
但是MySQL 8.0中可以使用check约束了。

```sql
create table employee(
	eid int primary key,
	ename varchar(5),
	gender char check ('男' or '女')
);
```

```sql
insert into employee values(1,'张三','妖');
```

```sql
CREATE TABLE temp(
	id INT AUTO_INCREMENT,
	NAME VARCHAR(20),
	age INT CHECK(age > 20),
	PRIMARY KEY(id)
);
```

### 12.8DEFAULT约束

8.1 作用
给某个字段/某列指定默认值，一旦设置默认值，在插入数据时，如果此字段没有显式赋值，则赋值为默
认值。
8.2 关键字
DEFAULT
8.3 如何给字段加默认值

（1）建表时

```sql
create table 表名称(
	字段名 数据类型 primary key,
	字段名 数据类型 unique key not null,
	字段名 数据类型 unique key,
	字段名 数据类型 not null default 默认值,
);
create table 表名称(
    字段名 数据类型 default 默认值 ,
	字段名 数据类型 not null default 默认值,
	字段名 数据类型 not null default 默认值,
	primary key(字段名),
	unique key(字段名)
);
说明：默认值约束一般不在唯一键和主键列上加
```

```sql
create table employee(
	eid int primary key,
	ename varchar(20) not null,
	gender char default '男',
	tel char(11) not null default '' #默认是空字符串
);
```

（2）建表后

```sql
alter table 表名称 modify 字段名 数据类型 default 默认值;
#如果这个字段原来有非空约束，你还保留非空约束，那么在加默认值约束时，还得保留非空约束，否则非空约束就被
删除了
#同理，在给某个字段加非空约束也一样，如果这个字段原来有默认值约束，你想保留，也要在modify语句中保留默
认值约束，否则就删除了
alter table 表名称 modify 字段名 数据类型 default 默认值 not null;
```

8.4 如何删除默认值约束

```sql
alter table 表名称 modify 字段名 数据类型 ;#删除默认值约束，也不保留非空约束
alter table 表名称 modify 字段名 数据类型 not null; #删除默认值约束，保留非空约束

alter table employee modify gender char; #删除gender字段默认值约束，如果有非空约束，也一并删除
alter table employee modify tel char(11) not null;#删除tel字段默认值约束，保留非空约束
```

### 12.9面试

面试1、为什么建表时，加 not null default '' 或 default 0
答：不想让表中出现null值。
面试2、为什么不想要 null 的值
答:（1）不好比较。null是一种特殊值，比较时只能用专门的is null 和 is not null来比较。碰到运算符，通常返回null。
（2）效率不高。影响提高索引效果。因此，我们往往在建表时 not null default '' 或 default 0
面试3、带AUTO_INCREMENT约束的字段值是从1开始的吗？ 在MySQL中，默认AUTO_INCREMENT的初始值是1，每新增一条记录，字段值自动加1。设置自增属性（AUTO_INCREMENT）的时候，还可以指定第一条插入记录的自增字段的值，这样新插入的记录的自增字段值从初始值开始递增，如在表中插入第一条记录，同时指定id值为5，则以后插入的记录的id值就会从6开始往上增加。添加主键约束时，往往需要设置字段自动增加属性。
面试4、并不是每个表都可以任意选择存储引擎？ 外键约束（FOREIGN KEY）不能跨引擎使用。
MySQL支持多种存储引擎，每一个表都可以指定一个不同的存储引擎，需要注意的是：外键约束是用来保证数据的参照完整性的，如果表之间需要关联外键，却指定了不同的存储引擎，那么这些表之间是不能创建外键约束的。所以说，存储引擎的选择也不完全是随意的。

## 第13章_视图

* 视图是一种``虚拟表``，本身是不具有数据的，占用很少的内存空间，它是 SQL 中的一个重要概念。
* 视图建立在已有表的基础上**, 视图赖以建立的这些表称为**基表**。

* 视图的创建和删除只影响视图本身，不影响对应的基表。但是当对视图中的数据进行增加、删除和修改操作时，数据表中的数据会相应地发生变化，反之亦然。

* 向视图提供数据内容的语句为 SELECT 语句, 可以将视图理解为**存储起来的 SELECT 语句**
  * 在数据库中，视图不会保存数据，数据真正保存在数据表中。当对视图中的数据进行增加、删除和修改操作时，数据表中的数据会相应地发生变化；反之亦然。
* 视图，是向用户提供基表数据的另一种表现形式。通常情况下，小型项目的数据库可以不使用视图，但是在大型项目中，以及数据表比较复杂的情况下，视图的价值就凸显出来了，它可以帮助我们把经常查询的结果集放到虚拟表中，提升使用效率。理解和使用起来都非常方便。

### 13.1创建视图

在 CREATE VIEW 语句中嵌入子查询

```sql
CREATE [OR REPLACE]
[ALGORITHM = {UNDEFINED | MERGE | TEMPTABLE}]
VIEW 视图名称 [(字段列表)]
AS 查询语句
[WITH [CASCADED|LOCAL] CHECK OPTION]
```

精简版

```sql
CREATE VIEW 视图名称
AS 查询语句
```

#### 13.1.1 创建单表视图

```sql
CREATE VIEW empvu80
AS
SELECT employee_id, last_name, salary
FROM employees
WHERE department_id = 80;

SELECT *
FROM salvu80;
```

```sql
CREATE VIEW emp_year_salary (ename,year_salary)
AS
SELECT ename,salary*12*(1+IFNULL(commission_pct,0))
FROM t_employee;

CREATE VIEW salvu50
AS
SELECT employee_id ID_NUMBER, last_name NAME,salary*12 ANN_SALARY
FROM employees
WHERE department_id = 50;
```

说明1：实际上就是我们在 SQL 查询语句的基础上封装了视图 VIEW，这样就会基于 SQL 语句的结果集形成一张虚拟表。
说明2：在创建视图时，没有在视图名后面指定字段列表，则视图中字段列表默认和SELECT语句中的字段列表一致。如果SELECT语句中给字段取了别名，那么视图中的字段名和别名相同。

#### 13.1.2 创建多表联合视图

```sql
CREATE VIEW empview
AS
SELECT employee_id emp_id,last_name NAME,department_name
FROM employees e,departments d
WHERE e.department_id = d.department_id;
```

```sql
CREATE VIEW emp_dept
AS
SELECT ename,dname
FROM t_employee LEFT JOIN t_department
ON t_employee.did = t_department.did;

CREATE VIEW dept_sum_vu
(name, minsal, maxsal, avgsal)
AS
SELECT d.department_name, MIN(e.salary), MAX(e.salary),AVG(e.salary)
FROM employees e, departments d
WHERE e.department_id = d.department_id
GROUP BY d.department_name;
```

**利用视图对数据进行格式化**
我们经常需要输出某个格式的内容，比如我们想输出员工姓名和对应的部门名，对应格式为emp_name(department_name)，就可以使用视图来完成数据格式化的操作：

```sql
CREATE VIEW emp_depart
AS
SELECT CONCAT(last_name,'(',department_name,')') AS emp_dept
FROM employees e JOIN departments d
WHERE e.department_id = d.department_id
```

#### 13.1.3 基于视图创建视图

当我们创建好一张视图之后，还可以在它的基础上继续创建视图。
举例：联合“emp_dept”视图和“emp_year_salary”视图查询员工姓名、部门名称、年薪信息创建
“emp_dept_ysalary”视图。

```sql
CREATE VIEW emp_dept_ysalary
AS
SELECT emp_dept.ename,dname,year_salary
FROM emp_dept INNER JOIN emp_year_salary
ON emp_dept.ename = emp_year_salary.ename;
```

### 13.2查看视图

语法1：查看数据库的表对象、视图对象

```sql
SHOW TABLES;
```

语法2：查看视图的结构

```sql
DESC / DESCRIBE 视图名称;
```

语法3：查看视图的属性信息

```sql
# 查看视图信息（显示数据表的存储引擎、版本、数据行数和数据大小等）
SHOW TABLE STATUS LIKE '视图名称'\G
```

执行结果显示，注释Comment为VIEW，说明该表为视图，其他的信息为NULL，说明这是一个虚表。
语法4：查看视图的详细定义信息

```sql
SHOW CREATE VIEW 视图名称;
```

### 13.3更新视图的数据

MySQL支持使用INSERT、UPDATE和DELETE语句对视图中的数据进行插入、更新和删除操作。当视图中的数据发生变化时，数据表中的数据也会发生变化，反之亦然。

![image-20220717085115360](https://trpora-1300527744.cos.ap-chongqing.myqcloud.com/img/image-20220717085115360.png)

5.2 不可更新的视图
要使视图可更新，视图中的行和底层基本表中的行之间必须存在一对一的关系。另外当视图定义出现如下情况时，视图不支持更新操作：

* 在定义视图的时候指定了“ALGORITHM = TEMPTABLE”，视图将不支持INSERT和DELETE操作；
* 视图中不包含基表中所有被定义为非空又未指定默认值的列，视图将不支持INSERT操作；
* 在定义视图的SELECT语句中使用了JOIN联合查询，视图将不支持INSERT和DELETE操作；
* 在定义视图的SELECT语句后的字段列表中使用了数学表达式或子查询，视图将不支持INSERT，也不支持UPDATE使用了数学表达式、子查询的字段值；
* 在定义视图的SELECT语句后的字段列表中使用DISTINCT 、聚合函数、GROUP BY 、HAVING 、UNION 等，视图将不支持INSERT、UPDATE、DELETE；
* 在定义视图的SELECT语句中包含了子查询，而子查询中引用了FROM后面的表，视图将不支持INSERT、UPDATE、DELETE；
* 视图定义基于一个不可更新视图；
* 常量视图。

> 虽然可以更新视图数据，但总的来说，视图作为``虚拟表``，主要用于方便查询，不建议更新视图的数据。对视图数据的更改，都是通过对实际数据表里数据的操作来完成的。

### 13.4修改、删除视图

方式1：使用**CREATE OR REPLACE VIEW** 子句修改视图

```sql
CREATE OR REPLACE VIEW empvu80
(id_number, name, sal, department_id)
AS
SELECT employee_id, first_name || ' ' || last_name, salary, department_id
FROM employees
WHERE department_id = 80;
```

> 说明：CREATE VIEW 子句中各列的别名应和子查询中各列相对应。

方式2：ALTER VIEW

修改视图的语法是：

```sql
ALTER VIEW 视图名称
AS
查询语句
```

删除视图只是删除视图的定义，并不会删除基表的数据。
删除视图的语法是：

```sql
DROP VIEW IF EXISTS 视图名称;

DROP VIEW IF EXISTS 视图名称1,视图名称2,视图名称3,...;
```

* 说明：基于视图a、b创建了新的视图c，如果将视图a或者视图b删除，会导致视图c的查询失败。这样的视图c需要手动删除或修改，否则影响使用。

### 13.5视图优点

1. **操作简单**
将经常使用的查询操作定义为视图，可以使开发人员不需要关心视图对应的数据表的结构、表与表之间的关联关系，也不需要关心数据表之间的业务逻辑和查询条件，而只需要简单地操作视图即可，极大简化了开发人员对数据库的操作。
2. **减少数据冗余**
视图跟实际数据表不一样，它存储的是查询语句。所以，在使用的时候，我们要通过定义视图的查询语句来获取结果集。而视图本身不存储数据，不占用数据存储的资源，减少了数据冗余。
3. **数据安全**
MySQL将用户对数据的访问限制在某些数据的结果集上，而这些数据的结果集可以使用视图来实现。用户不必直接查询或操作数据表。这也可以理解为视图具有隔离性。视图相当于在用户和实际的数据表之间加了一层虚拟表。


![image-20220717090304195](https://trpora-1300527744.cos.ap-chongqing.myqcloud.com/img/image-20220717090304195.png)

同时，MySQL可以根据权限将用户对数据的访问限制在某些视图上，**用户不需要查询数据表，可以直接通过视图获取数据表中的信息**。这在一定程度上保障了数据表中数据的安全性。

4. 适应灵活多变的需求 当业务系统的需求发生变化后，如果需要改动数据表的结构，则工作量相对较大，可以使用视图来减少改动的工作量。这种方式在实际工作中使用得比较多。
5. 能够分解复杂的查询逻辑 数据库中如果存在复杂的查询逻辑，则可以将问题进行分解，创建多个视图获取数据，再将创建的多个视图结合起来，完成复杂的查询逻辑。

### 13.6视图不足

如果我们在实际数据表的基础上创建了视图，那么，**如果实际数据表的结构变更了，我们就需要及时对相关的视图进行相应的维护。**特别是嵌套的视图（就是在视图的基础上创建视图），维护会变得比较复杂， 可读性不好，容易变成系统的潜在隐患。因为创建视图的 SQL 查询可能会对字段重命名，也可能包含复杂的逻辑，这些都会增加维护的成本。
实际项目中，如果视图过多，会导致数据库维护成本的问题。
所以，在创建视图的时候，你要结合实际项目需求，综合考虑视图的优点和不足，这样才能正确使用视图，使系统整体达到最优。

## 第14章_存储过程与函数

MySQL从5.0版本开始支持存储过程和函数。存储过程和函数能够将复杂的SQL逻辑封装在一起，应用程序无须关注存储过程和函数内部复杂的SQL逻辑，而只需要简单地调用存储过程和函数即可。

### 14.1存储过程概述

#### 14.1.1 理解

**含义**：存储过程的英文是 ``Stored Procedure ``。它的思想很简单，就是一组经过预先编译的 SQL 语句的封装。
**执行过程**：存储过程预先存储在 MySQL 服务器上，需要执行的时候，客户端只需要向服务器端发出调用存储过程的命令，服务器端就可以把预先存储好的这一系列 SQL 语句全部执行。
**好处：**
1、简化操作，提高了sql语句的重用性，减少了开发程序员的压力 2、减少操作过程中的失误，提高效率
3、减少网络传输量（客户端不需要把所有的 SQL 语句通过网络发给服务器） 4、减少了 SQL 语句暴露在网上的风险，也提高了数据查询的安全性
**和视图、函数的对比**：
它和视图有着同样的优点，清晰、安全，还可以减少网络传输量。不过它和视图不同，视图是虚拟表，
通常不对底层数据表直接操作，而存储过程是程序化的 SQL，可以直接操作底层数据表，相比于面向集合的操作方式，能够实现一些更复杂的数据处理。
一旦存储过程被创建出来，使用它就像使用函数一样简单，我们直接通过调用存储过程名即可。相较于函数，存储过程是没有返回值的。

#### 14.1.2 分类

存储过程的参数类型可以是IN、OUT和INOUT。根据这点分类如下：
1、没有参数（无参数无返回） 2、仅仅带 IN 类型（有参数无返回） 3、仅仅带 OUT 类型（无参数有返回） 4、既带 IN 又带 OUT（有参数有返回） 5、带 INOUT（有参数有返回）
注意：IN、OUT、INOUT 都可以在一个存储过程中带多个。

### 14.2创建存储过程

#### 14.2.1 语法分析

```sql
CREATE PROCEDURE 存储过程名(IN|OUT|INOUT 参数名 参数类型,...)
[characteristics ...]
BEGIN
存储过程体
END
```

说明：
1、参数前面的符号的意思
``IN`` ：当前参数为输入参数，也就是表示入参；
存储过程只是读取这个参数的值。如果没有定义参数种类， `默认就是 IN` ，表示输入参数。
``OUT`` ：当前参数为输出参数，也就是表示出参；
执行完成之后，调用这个存储过程的客户端或者应用程序就可以读取这个参数返回的值了。
``INOUT`` ：当前参数既可以为输入参数，也可以为输出参数。
2、形参类型可以是 MySQL数据库中的任意类型。
3、characteristics 表示创建存储过程时指定的对存储过程的约束条件，其取值信息如下：
LANGUAGE

## 第16章_触发器

在实际开发中，我们经常会遇到这样的情况：有 2 个或者多个相互关联的表，如商品信息和库存信息分别存放在 2 个不同的数据表中，我们在添加一条新商品记录的时候，为了保证数据的完整性，必须同时在库存表中添加一条库存记录。
这样一来，我们就必须把这两个关联的操作步骤写到程序里面，而且要用事务包裹起来，确保这两个操作成为一个原子操作，要么全部执行，要么全部不执行。要是遇到特殊情况，可能还需要对数据进行手动维护，这样就很容易忘记其中的一步，导致数据缺失。
这个时候，咱们可以使用触发器。你可以创建一个触发器，让商品信息数据的插入操作自动触发库存数据的插入操作。这样一来，就不用担心因为忘记添加库存数据而导致的数据缺失了。

### 16.1触发器概述

MySQL从5.0.2 版本开始支持触发器。MySQL的触发器和存储过程一样，都是嵌入到MySQL服务器的一段程序。
触发器是由事件来触发某个操作，这些事件包括`INSERT` 、``UPDATE`` 、``DELETE `事件。所谓事件就是指用户的动作或者触发某项行为。如果定义了触发程序，当数据库执行这些语句时候，就相当于事件发生了，就会自动激发触发器执行相应的操作。
当对数据表中的数据执行插入、更新和删除操作，需要自动执行一些数据库逻辑时，可以使用触发器来实现。

### 16.2触发器的创建

#### 16.2.1 创建触发器语法

创建触发器的语法结构是：

```sql
CREATE TRIGGER 触发器名称
{BEFORE|AFTER} {INSERT|UPDATE|DELETE} ON 表名
FOR EACH ROW
触发器执行的语句块;
```

说明：

* 表名：表示触发器监控的对象。
* ``BEFORE|AFTER`` ：表示触发的时间。BEFORE 表示在事件之前触发；AFTER 表示在事件之后触发``INSERT|UPDATE|DELETE`` ：表示触发的事件。
  * INSERT表示插入记录时触发；
  * UPDATE 表示更新记录时触发；
  * DELETE表示删除记录时触发。

``触发器执行的语句块``：可以是单条SQL语句，也可以是由BEGIN…END结构组成的复合语句块。

#### 16.2.2 代码举例

举例1：
1、创建数据表：

```sql
CREATE TABLE test_trigger (
	id INT PRIMARY KEY AUTO_INCREMENT,
	t_note VARCHAR(30)
);
CREATE TABLE test_trigger_log (
	id INT PRIMARY KEY AUTO_INCREMENT,
	t_log VARCHAR(30)
);
```

2、创建触发器：创建名称为before_insert的触发器，向test_trigger数据表插入数据之前，向test_trigger_log数据表中插入before_insert的日志信息。

```sql
DELIMITER //
CREATE TRIGGER before_insert
BEFORE INSERT ON test_trigger
FOR EACH ROW
BEGIN
	INSERT INTO test_trigger_log (t_log)
	VALUES('before_insert');
END //
DELIMITER ;
```

3、向test_trigger数据表中插入数据

```sql
INSERT INTO test_trigger (t_note) VALUES ('测试 BEFORE INSERT 触发器');
```

4、查看test_trigger_log数据表中的数据

```sql
mysql> SELECT * FROM test_trigger_log;
+----+---------------+
| id | 		t_log 	 |
+----+---------------+
|  1 | before_insert |
+----+---------------+
1 row in set (0.00 sec)
```

举例2：
1、创建名称为after_insert的触发器，向test_trigger数据表插入数据之后，向test_trigger_log数据表中插入after_insert的日志信息。

```sql
DELIMITER //
CREATE TRIGGER after_insert
AFTER INSERT ON test_trigger
FOR EACH ROW
BEGIN
	INSERT INTO test_trigger_log (t_log)
	VALUES('after_insert');
END //
DELIMITER ;
```

2、向test_trigger数据表中插入数据。

```sql
INSERT INTO test_trigger (t_note) VALUES ('测试 AFTER INSERT 触发器');
```

3、查看test_trigger_log数据表中的数据

```sql
mysql> SELECT * FROM test_trigger_log;
+----+---------------+
| id | 		t_log	 |
+----+---------------+
| 1  | before_insert |
| 2  | before_insert |
| 3  |  after_insert |
+----+---------------+
3 rows in set (0.00 sec)
```

举例3：定义触发器“salary_check_trigger”，基于员工表“employees”的INSERT事件，在INSERT之前检查将要添加的新员工薪资是否大于他领导的薪资，如果大于领导薪资，则报sqlstate_value为'HY000'的错误，从而使得添加失败。

```sql
DELIMITER //
CREATE TRIGGER salary_check_trigger
BEFORE INSERT ON employees FOR EACH ROW
BEGIN
	DECLARE mgrsalary DOUBLE;
	SELECT salary INTO mgrsalary FROM employees WHERE employee_id = NEW.manager_id;
	IF NEW.salary > mgrsalary THEN
		SIGNAL SQLSTATE 'HY000' SET MESSAGE_TEXT = '薪资高于领导薪资错误';
	END IF;
END //
DELIMITER ;
```

### 16.3查看、删除触发器

#### 16.3.1 查看触发器

查看触发器是查看数据库中已经存在的触发器的定义、状态和语法信息等。
方式1：查看当前数据库的所有触发器的定义

```sql
SHOW TRIGGERS\G
```

方式2：查看当前数据库中某个触发器的定义

```sql
SHOW CREATE TRIGGER 触发器名
```

方式3：从系统库information_schema的TRIGGERS表中查询“salary_check_trigger”触发器的信息。

```sql
SELECT * FROM information_schema.TRIGGERS;
```

#### 16.3.2 删除触发器

触发器也是数据库对象，删除触发器也用DROP语句，语法格式如下：

```sql
DROP TRIGGER IF EXISTS 触发器名称;
```

### 16.4触发器的优缺点

**1、触发器可以确保数据的完整性。**

**2、触发器可以帮助我们记录操作日志。**

**3、触发器还可以用在操作数据前，对数据进行合法性检查。**

#### 16.4.2 缺点

1、触发器最大的一个问题就是可读性差。
因为触发器存储在数据库中，并且由事件驱动，这就意味着触发器有可能不受应用层的控制。这对系统维护是非常有挑战的。
比如，创建触发器用于修改会员储值操作。如果触发器中的操作出了问题，会导致会员储值金额更新失
败。我用下面的代码演示一下：

2、相关数据的变更，可能会导致触发器出错。

特别是数据表结构的变更，都可能会导致触发器出错，进而影响数据操作的正常运行。这些都会由于触
发器本身的隐蔽性，影响到应用中错误原因排查的效率。

4.3 注意点
注意，如果在子表中定义了外键约束，并且外键指定了ON UPDATE/DELETE CASCADE/SET NULL子句，此时修改父表被引用的键值或删除父表被引用的记录行时，也会引起子表的修改和删除操作，此时基于子表的UPDATE和DELETE语句定义的触发器并不会被激活。
例如：基于子表员工表（t_employee）的DELETE语句定义了触发器t1，而子表的部门编号（did）字段定义了外键约束引用了父表部门表（t_department）的主键列部门编号（did），并且该外键加了“ONDELETE SET NULL”子句，那么如果此时删除父表部门表（t_department）在子表员工表（t_employee）有匹配记录的部门记录时，会引起子表员工表（t_employee）匹配记录的部门编号（did）修改为NULL，
mysql> update demo.membermaster set memberdeposit=20 where memberid = 2;
ERROR 1054 (42S22): Unknown column 'aa' in 'field list'
但是此时不会激活触发器t1。只有直接对子表员工表（t_employee）执行DELETE语句时才会激活触发器t1。

